timestamp,season,gameweek,team,position,player_id,opta_code,player,price,selected,transfers_in,transfers_out,transfers_balance,news,chance_of_playing_next_round,return_gameweek
2025-09-12T10:17:56.948574,2526,4,ARS,GK,1,p154561,David Raya Martín,55,2683138,616609,304771,311838,,,
2025-09-12T10:17:56.948574,2526,4,ARS,GK,2,p109745,Kepa Arrizabalaga Revuelta,44,81660,4256,31043,-26787,,,
2025-09-12T10:17:56.948574,2526,4,ARS,GK,3,p463748,Karl Hein,40,58329,5545,20606,-15061,Has joined Werder Bremen on loan for the rest of the season.,0,
2025-09-12T10:17:56.948574,2526,4,ARS,GK,4,p551221,Tommy Setford,40,23331,6078,5063,1015,,,
2025-09-12T10:17:56.948574,2526,4,ARS,DEF,5,p226597,Gabriel dos Santos Magalhães,61,2484819,633184,347478,285706,,,
2025-09-12T10:17:56.948574,2526,4,ARS,DEF,6,p462424,William Saliba,61,1761538,469566,554694,-85128,Ankle injury - 75% chance of playing,75,
2025-09-12T10:17:56.948574,2526,4,ARS,DEF,7,p466075,Riccardo Calafiori,57,1411564,1082857,147265,935592,,,
2025-09-12T10:17:56.948574,2526,4,ARS,DEF,8,p445122,Jurriën Timber,56,1131584,793335,148879,644456,,,
2025-09-12T10:17:56.948574,2526,4,ARS,DEF,9,p440854,Jakub Kiwior,54,11665,1119,6865,-5746,has joined Porto on loan for the rest of the season.,0,
2025-09-12T10:17:56.948574,2526,4,ARS,DEF,10,p499169,Myles Lewis-Skelly,54,303311,30108,212588,-182480,,,
2025-09-12T10:17:56.948574,2526,4,ARS,DEF,11,p198869,Benjamin White,54,58329,22115,60728,-38613,Knock - 50% chance of playing,50,
2025-09-12T10:17:56.948574,2526,4,ARS,DEF,13,p563324,Brayden Clarke,40,58329,14225,23077,-8852,,,
2025-09-12T10:17:56.948574,2526,4,ARS,DEF,14,p588793,Maldini Kacurri,40,23331,3092,7081,-3989,,,
2025-09-12T10:17:56.948574,2526,4,ARS,DEF,15,p499167,Josh Nichols,40,23331,2600,6638,-4038,,,
2025-09-12T10:17:56.948574,2526,4,ARS,MID,16,p223340,Bukayo Saka,98,618288,212051,1408173,-1196122,Hamstring injury - Unknown return date,0,
2025-09-12T10:17:56.948574,2526,4,ARS,MID,17,p184029,Martin Ødegaard,79,303311,82069,217170,-135101,,100,
2025-09-12T10:17:56.948574,2526,4,ARS,MID,18,p248857,Noni Madueke,70,151655,54019,49704,4315,,,
2025-09-12T10:17:56.948574,2526,4,ARS,MID,19,p444145,Gabriel Martinelli Silva,69,128324,18508,64183,-45675,,,
2025-09-12T10:17:56.948574,2526,4,ARS,MID,20,p116216,Leandro Trossard,69,34997,2912,17075,-14163,,100,
2025-09-12T10:17:56.948574,2526,4,ARS,MID,21,p204480,Declan Rice,65,1061589,280286,214242,66044,,,
2025-09-12T10:17:56.948574,2526,4,ARS,MID,22,p195384,Mikel Merino Zazón,59,46663,13643,40922,-27279,,,
2025-09-12T10:17:56.948574,2526,4,ARS,MID,23,p438098,Fábio Ferreira Vieira,54,0,933,2819,-1886,has joined Hamburger on loan for the rest of the season.,0,
2025-09-12T10:17:56.948574,2526,4,ARS,MID,24,p128295,Christian Nørgaard,54,23331,1255,43641,-42386,Knock - 50% chance of playing,50,
2025-09-12T10:17:56.948574,2526,4,ARS,MID,25,p499175,Ethan Nwaneri,54,23331,4894,16274,-11380,,,
2025-09-12T10:17:56.948574,2526,4,ARS,MID,26,p481655,Martín Zubimendi Ibáñez,55,209984,64057,109894,-45837,,,
2025-09-12T10:17:56.948574,2526,4,ARS,MID,28,p588796,Ismeal Kabia,45,23331,6731,15956,-9225,has joined Shrewsbury Town on loan for the rest of the season.,0,
2025-09-12T10:17:56.948574,2526,4,ARS,MID,29,p437742,Albert Sambi Lokonga,45,11665,2952,7648,-4696,has joined Hamburger permanently.,0,
2025-09-12T10:17:56.948574,2526,4,ARS,FWD,30,p219847,Kai Havertz,74,58329,8233,95379,-87146,Knee injury - Unknown return date,0,
2025-09-12T10:17:56.948574,2526,4,ARS,FWD,31,p205651,Gabriel Fernando de Jesus,65,0,555,2337,-1782,Knee injury - Unknown return date,0,
2025-09-12T10:17:56.948574,2526,4,ARS,MID,266,p232413,Eberechi Eze,75,1318237,541358,503148,38210,,,
2025-09-12T10:17:56.948574,2526,4,ARS,DEF,662,p500040,Cristhian Mosquera,54,11665,5187,6027,-840,,,
2025-09-12T10:17:56.948574,2526,4,ARS,FWD,666,p224117,Viktor Gyökeres,90,2893123,727362,775872,-48510,,,
2025-09-12T10:17:56.948574,2526,4,ARS,MID,700,p616077,Max Dowman,45,46663,45884,13459,32425,,,
2025-09-12T10:17:56.948574,2526,4,ARS,MID,711,p646243,Andre Harriman-Annous,45,0,351,87,264,,,
2025-09-12T10:17:56.948574,2526,4,ARS,DEF,725,p448104,Piero Hincapié,55,0,1681,259,1422,,,
2025-09-12T10:17:56.948574,2526,4,AVL,GK,32,p98980,Emiliano Martínez Romero,50,198318,73258,45537,27721,,100,
2025-09-12T10:17:56.948574,2526,4,AVL,GK,33,p72147,Marco Bizot,45,93326,67496,50647,16849,,,
2025-09-12T10:17:56.948574,2526,4,AVL,GK,34,p462492,Joe Gauci,40,23331,0,8160,-8160,Has joined Port Vale on loan for the rest of the season.,0,
2025-09-12T10:17:56.948574,2526,4,AVL,GK,35,p462381,Filip Marschall,40,0,0,652,-652,Has joined Stevenage permanently.,0,
2025-09-12T10:17:56.948574,2526,4,AVL,DEF,36,p199796,Matty Cash,45,571625,415886,174181,241705,,,
2025-09-12T10:17:56.948574,2526,4,AVL,DEF,37,p101188,Lucas Digne,45,244982,78880,58687,20193,,,
2025-09-12T10:17:56.948574,2526,4,AVL,DEF,38,p199798,Ezri Konsa Ngoyo,45,1551554,90304,811043,-720739,,100,
2025-09-12T10:17:56.948574,2526,4,AVL,DEF,39,p441302,Ian Maatsen,44,69994,9584,34229,-24645,,,
2025-09-12T10:17:56.948574,2526,4,AVL,DEF,40,p149484,Tyrone Mings,45,151655,62292,37231,25061,,,
2025-09-12T10:17:56.948574,2526,4,AVL,DEF,41,p244954,Pau Torres,45,46663,6657,17508,-10851,,,
2025-09-12T10:17:56.948574,2526,4,AVL,DEF,42,p606798,Andrés García,39,23331,1915,11586,-9671,Knock - 25% chance of playing,25,
2025-09-12T10:17:56.948574,2526,4,AVL,DEF,43,p106468,Álex Moreno Lopera,40,629954,44476,455421,-410945,Has joined Girona permanently.,0,
2025-09-12T10:17:56.948574,2526,4,AVL,DEF,44,p515597,Lamare Bogarde,40,34997,8593,10120,-1527,,,
2025-09-12T10:17:56.948574,2526,4,AVL,DEF,45,p514315,Lino da Cruz Sousa,40,34997,6268,9921,-3653,,,
2025-09-12T10:17:56.948574,2526,4,AVL,DEF,46,p587178,Yasin Özcan,40,23331,3301,6771,-3470,,,
2025-09-12T10:17:56.948574,2526,4,AVL,MID,47,p244850,Morgan Rogers,70,956597,263678,410971,-147293,,100,
2025-09-12T10:17:56.948574,2526,4,AVL,MID,48,p166989,Youri Tielemans,59,209984,40905,96273,-55368,,,
2025-09-12T10:17:56.948574,2526,4,AVL,MID,49,p215711,Leon Bailey,55,11665,2168,40592,-38424,Has joined AS Roma on loan for the rest of the season.,0,
2025-09-12T10:17:56.948574,2526,4,AVL,MID,50,p195546,Emiliano Buendía Stati,53,11665,1824,10763,-8939,,,
2025-09-12T10:17:56.948574,2526,4,AVL,MID,51,p469247,Samuel Iling-Junior,55,0,869,1602,-733,,,
2025-09-12T10:17:56.948574,2526,4,AVL,MID,53,p204646,Donyell Malen,53,104992,13476,113423,-99947,,,
2025-09-12T10:17:56.948574,2526,4,AVL,MID,54,p122806,John McGinn,55,69994,17889,30022,-12133,,,
2025-09-12T10:17:56.948574,2526,4,AVL,MID,55,p88894,Ross Barkley,49,0,238,5489,-5251,Knock - 25% chance of playing,25,
2025-09-12T10:17:56.948574,2526,4,AVL,MID,56,p491287,Enzo Barrenechea,50,0,0,22,-22,Season-long loan to Benfica,0,
2025-09-12T10:17:56.948574,2526,4,AVL,MID,57,p461421,Lewis Dobbin,50,0,889,3803,-2914,Has joined Preston North End on loan for the rest of the season.,0,
2025-09-12T10:17:56.948574,2526,4,AVL,MID,58,p226944,Boubacar Kamara,49,11665,3843,14054,-10211,Hamstring injury - 50% chance of playing,50,
2025-09-12T10:17:56.948574,2526,4,AVL,MID,59,p449871,Amadou Onana,50,139989,58510,111269,-52759,Hamstring injury - 50% chance of playing,50,
2025-09-12T10:17:56.948574,2526,4,AVL,MID,60,p577731,Ben Broggio,45,34997,9668,13190,-3522,,,
2025-09-12T10:17:56.948574,2526,4,AVL,MID,61,p151589,Leander Dendoncker,45,23331,2169,21772,-19603,Has joined Real Oviedo permanently.,0,
2025-09-12T10:17:56.948574,2526,4,AVL,MID,62,p559962,Jamaldeen Jimoh-Aloba,45,11665,1491,2262,-771,,,
2025-09-12T10:17:56.948574,2526,4,AVL,MID,63,p537403,Kadan Young,45,69994,14728,29178,-14450,,,
2025-09-12T10:17:56.948574,2526,4,AVL,FWD,64,p178301,Ollie Watkins,89,1983189,254677,1194767,-940090,,,
2025-09-12T10:17:56.948574,2526,4,AVL,FWD,65,p576756,Zépiqueno Redmond,45,81660,17574,44755,-27181,has joined Huddersfield Town on loan for the rest of the season.,0,
2025-09-12T10:17:56.948574,2526,4,AVL,MID,389,p444884,Harvey Elliott,54,46663,35103,17213,17890,,,
2025-09-12T10:17:56.948574,2526,4,AVL,MID,456,p209243,Jadon Sancho,59,23331,11329,9035,2294,,,
2025-09-12T10:17:56.948574,2526,4,AVL,MID,677,p485337,Evann Guessand,64,0,1199,4383,-3184,,,
2025-09-12T10:17:56.948574,2526,4,AVL,GK,688,p481283,James Wright,40,58329,19528,9264,10264,,,
2025-09-12T10:17:56.948574,2526,4,AVL,DEF,701,p569577,Triston Rowe,40,11665,7869,2250,5619,,,
2025-09-12T10:17:56.948574,2526,4,AVL,MID,702,p645618,Bradley Burrowes,45,11665,4545,1841,2704,,,
2025-09-12T10:17:56.948574,2526,4,AVL,GK,703,p564505,Sam Proctor,40,34997,13681,2702,10979,,,
2025-09-12T10:17:56.948574,2526,4,AVL,DEF,710,p534836,Travis Patterson,40,11665,5154,781,4373,,,
2025-09-12T10:17:56.948574,2526,4,AVL,DEF,719,p184667,Victor Lindelöf,45,0,1045,169,876,,,
2025-09-12T10:17:56.948574,2526,4,BUR,GK,183,p518030,Max Weiß,45,11665,1522,5625,-4103,,,
2025-09-12T10:17:56.948574,2526,4,BUR,GK,184,p489571,Etienne Green,40,46663,4943,10523,-5580,has joined FC Fredericia permanently.,0,
2025-09-12T10:17:56.948574,2526,4,BUR,GK,185,p51943,Václav Hladký,40,23331,2114,4493,-2379,,,
2025-09-12T10:17:56.948574,2526,4,BUR,DEF,186,p192290,Connor Roberts,44,11665,526,5287,-4761,Knock - 50% chance of playing,50,
2025-09-12T10:17:56.948574,2526,4,BUR,DEF,187,p58621,Kyle Walker,45,209984,38569,62901,-24332,,,
2025-09-12T10:17:56.948574,2526,4,BUR,DEF,188,p247245,Hannes Delcroix,40,34997,3085,10016,-6931,,,
2025-09-12T10:17:56.948574,2526,4,BUR,DEF,189,p461567,Owen Dodgson,40,0,0,1575,-1575,Has joined Stockport County on loan for the rest of the season.,0,
2025-09-12T10:17:56.948574,2526,4,BUR,DEF,190,p478969,Hjalmar Ekdal,40,139989,123434,30648,92786,,,
2025-09-12T10:17:56.948574,2526,4,BUR,DEF,191,p477717,Maxime Estève,40,2029852,243205,344781,-101576,,,
2025-09-12T10:17:56.948574,2526,4,BUR,DEF,192,p494960,Quilindschy Hartman,40,58329,18098,17352,746,,,
2025-09-12T10:17:56.948574,2526,4,BUR,DEF,193,p461188,Bashir Humphreys,40,11665,675,2045,-1370,,100,
2025-09-12T10:17:56.948574,2526,4,BUR,DEF,194,p241231,Jordan Beyer,40,11665,699,8319,-7620,Knee injury - 50% chance of playing,50,
2025-09-12T10:17:56.948574,2526,4,BUR,DEF,195,p549329,Lucas Pires Silva,40,11665,944,5008,-4064,,,
2025-09-12T10:17:56.948574,2526,4,BUR,DEF,196,p450072,Shurandy Sambo,40,11665,202,6023,-5821,Has joined Sparta Rotterdam on loan for the rest of the season.,0,
2025-09-12T10:17:56.948574,2526,4,BUR,DEF,197,p519895,Oliver Sonne,40,11665,2835,4285,-1450,,,
2025-09-12T10:17:56.948574,2526,4,BUR,DEF,198,p180804,Axel Tuanzebe,39,209984,19656,77518,-57862,,100,
2025-09-12T10:17:56.948574,2526,4,BUR,DEF,199,p208912,Joe Worrall,40,11665,1162,3829,-2667,,,
2025-09-12T10:17:56.948574,2526,4,BUR,MID,200,p444180,Jaidon Anthony,55,104992,78042,22394,55648,,,
2025-09-12T10:17:56.948574,2526,4,BUR,MID,201,p183751,Manuel Benson Hedilazio,54,0,693,1346,-653,,,
2025-09-12T10:17:56.948574,2526,4,BUR,MID,202,p179458,Jacob Bruun Larsen,54,0,1301,2036,-735,,,
2025-09-12T10:17:56.948574,2526,4,BUR,MID,203,p578614,Enock Agyei,49,0,633,2562,-1929,,,
2025-09-12T10:17:56.948574,2526,4,BUR,MID,204,p250735,Darko Churlinov,49,0,160,1204,-1044,has joined Kocaelispor  permanently.,0,
2025-09-12T10:17:56.948574,2526,4,BUR,MID,205,p172567,Josh Cullen,50,221650,217681,56566,161115,,,
2025-09-12T10:17:56.948574,2526,4,BUR,MID,206,p174592,Marcus Edwards,49,11665,976,4915,-3939,,,
2025-09-12T10:17:56.948574,2526,4,BUR,MID,207,p465527,Hannibal Mejbri,50,23331,5073,5876,-803,,,
2025-09-12T10:17:56.948574,2526,4,BUR,MID,208,p487702,Luca Koleosho,50,0,68,2253,-2185,Has joined Espanyol on loan for the rest of the season.,0,
2025-09-12T10:17:56.948574,2526,4,BUR,MID,209,p167887,Josh Laurent,50,0,388,1200,-812,,,
2025-09-12T10:17:56.948574,2526,4,BUR,MID,210,p469272,Loum Tchaouna,50,0,250,990,-740,,,
2025-09-12T10:17:56.948574,2526,4,BUR,MID,211,p447715,Aaron Ramsey,44,699949,62789,407182,-344393,has joined Leicester City on loan for the rest of the season.,0,
2025-09-12T10:17:56.948574,2526,4,BUR,MID,212,p576323,Oluwaseun Adewumi,45,0,0,1896,-1896,Has joined Cercle Brugge on loan for the rest of the season.,0,
2025-09-12T10:17:56.948574,2526,4,BUR,MID,213,p551206,Jaydon Banel,45,0,991,1651,-660,,,
2025-09-12T10:17:56.948574,2526,4,BUR,MID,214,p437748,Mike Trésor Ndayishimiye,45,11665,1204,3079,-1875,,,
2025-09-12T10:17:56.948574,2526,4,BUR,FWD,215,p431639,Zian Flemming,54,11665,4064,9786,-5722,,,
2025-09-12T10:17:56.948574,2526,4,BUR,FWD,216,p492831,Zeki Amdouni,49,0,268,3507,-3239,Knee injury - Unknown return date,0,
2025-09-12T10:17:56.948574,2526,4,BUR,FWD,217,p435973,Lyle Foster,50,93326,71420,39095,32325,,,
2025-09-12T10:17:56.948574,2526,4,BUR,FWD,218,p44699,Ashley Barnes,44,198318,28009,106332,-78323,,,
2025-09-12T10:17:56.948574,2526,4,BUR,FWD,219,p220598,Michael Obafemi,44,34997,4151,19840,-15689,has joined VfL Bochum  on loan for the rest of the season.,0,
2025-09-12T10:17:56.948574,2526,4,BUR,GK,470,p67089,Martin Dúbravka,40,3954712,409746,209976,199770,,100,
2025-09-12T10:17:56.948574,2526,4,BUR,MID,676,p503714,Lesley Ugochukwu,50,0,767,1785,-1018,,100,
2025-09-12T10:17:56.948574,2526,4,BUR,FWD,680,p440323,Armando Broja,54,23331,3861,13942,-10081,,100,
2025-09-12T10:17:56.948574,2526,4,BUR,MID,722,p216055,Florentino Ibrain Morris Luís,50,0,151,20,131,,,
2025-09-12T10:17:56.948574,2526,4,BOU,GK,66,p69752,Norberto Murara Neto,45,11665,0,10536,-10536,Has joined Botafogo permanently.,0,
2025-09-12T10:17:56.948574,2526,4,BOU,GK,67,p457569,Đorđe Petrović,45,489964,202162,98156,104006,,,
2025-09-12T10:17:56.948574,2526,4,BOU,GK,68,p444172,Will Dennis,40,128324,21402,18796,2606,,,
2025-09-12T10:17:56.948574,2526,4,BOU,GK,69,p568791,Callan McKenna,40,23331,3099,3563,-464,,,
2025-09-12T10:17:56.948574,2526,4,BOU,GK,70,p495145,Alex Paulsen,40,11665,1107,4363,-3256,Has joined Lechia Gdansk on loan for the rest of the season.,0,
2025-09-12T10:17:56.948574,2526,4,BOU,DEF,71,p477580,Illia Zabarnyi,50,0,0,6978,-6978,Has joined Paris Saint-Germain permanently.,0,
2025-09-12T10:17:56.948574,2526,4,BOU,DEF,72,p221466,Marcos Senesi Barón,46,723280,612448,76322,536126,,,
2025-09-12T10:17:56.948574,2526,4,BOU,DEF,73,p54469,Adam Smith,45,34997,13451,15797,-2346,Hamstring injury - 50% chance of playing,50,
2025-09-12T10:17:56.948574,2526,4,BOU,DEF,74,p494521,Adrien Truffert,45,128324,84105,36837,47268,,,
2025-09-12T10:17:56.948574,2526,4,BOU,DEF,75,p541462,Matai Akinmboni,40,34997,5417,9330,-3913,,,
2025-09-12T10:17:56.948574,2526,4,BOU,DEF,76,p518906,Owen Bevan,40,23331,1779,5034,-3255,,,
2025-09-12T10:17:56.948574,2526,4,BOU,DEF,77,p463981,James Hill,40,104992,34923,25405,9518,,,
2025-09-12T10:17:56.948574,2526,4,BOU,DEF,78,p436893,Julián Araujo Zúñiga,40,116658,14923,46239,-31316,,100,
2025-09-12T10:17:56.948574,2526,4,BOU,DEF,79,p223911,Chris Mepham,40,23331,1400,6919,-5519,has joined West Bromwich Albion permanently.,0,
2025-09-12T10:17:56.948574,2526,4,BOU,DEF,80,p575901,Julio Soler Barreto,40,34997,3657,8067,-4410,,,
2025-09-12T10:17:56.948574,2526,4,BOU,MID,81,p222683,Justin Kluivert,70,81660,22824,53135,-30311,,100,
2025-09-12T10:17:56.948574,2526,4,BOU,MID,82,p437730,Antoine Semenyo,74,3709730,2863532,323120,2540412,,,
2025-09-12T10:17:56.948574,2526,4,BOU,MID,84,p201658,Marcus Tavernier,55,174987,153643,53313,100330,,,
2025-09-12T10:17:56.948574,2526,4,BOU,MID,85,p200785,Tyler Adams,50,46663,18129,14122,4007,,,
2025-09-12T10:17:56.948574,2526,4,BOU,MID,86,p111317,David Brooks,50,46663,34429,15306,19123,,,
2025-09-12T10:17:56.948574,2526,4,BOU,MID,87,p158499,Ryan Christie,50,11665,1198,4205,-3007,,100,
2025-09-12T10:17:56.948574,2526,4,BOU,MID,88,p155408,Lewis Cook,49,0,113,755,-642,Knee injury - 50% chance of playing,50,
2025-09-12T10:17:56.948574,2526,4,BOU,MID,89,p168991,Philip Billing,49,0,598,4579,-3981,Has joined Midtjylland permanently.,0,
2025-09-12T10:17:56.948574,2526,4,BOU,MID,90,p503139,Alex Scott,50,11665,3429,3770,-341,,,
2025-09-12T10:17:56.948574,2526,4,BOU,MID,91,p224995,Luis Sinisterra Lucumí,50,0,396,2880,-2484,Has joined Cruzeiro on loan for the rest of the season.,0,
2025-09-12T10:17:56.948574,2526,4,BOU,MID,92,p441240,Romain Faivre,45,23331,3740,8265,-4525,has joined Al Taawoun permanently.,0,
2025-09-12T10:17:56.948574,2526,4,BOU,MID,93,p424044,Hamed Traorè,45,116658,114900,79884,35016,has joined Marseille on loan for the rest of the season.,0,
2025-09-12T10:17:56.948574,2526,4,BOU,MID,94,p550596,Dominic Sadi,45,11665,1483,2375,-892,,,
2025-09-12T10:17:56.948574,2526,4,BOU,MID,95,p530121,Zain Silcott-Duberry,45,11665,876,3339,-2463,,,
2025-09-12T10:17:56.948574,2526,4,BOU,MID,96,p606775,Ben Winterburn,45,11665,2964,4716,-1752,has joined Barnet on loan for the rest of the season.,0,
2025-09-12T10:17:56.948574,2526,4,BOU,FWD,97,p444102,Francisco Evanilson de Lima Barbosa,70,268313,170462,141854,28608,,,
2025-09-12T10:17:56.948574,2526,4,BOU,FWD,98,p168636,Enes Ünal,55,0,305,720,-415,Knee injury - Unknown return date,0,
2025-09-12T10:17:56.948574,2526,4,BOU,FWD,99,p590760,Daniel Adu-Adjei,44,34997,8336,14970,-6634,,,
2025-09-12T10:17:56.948574,2526,4,BOU,FWD,100,p560262,Eli Junior Kroupi,45,139989,93101,77580,15521,,,
2025-09-12T10:17:56.948574,2526,4,BOU,MID,391,p496208,Ben Gannon-Doak,50,11665,3010,2993,17,,,
2025-09-12T10:17:56.948574,2526,4,BOU,DEF,685,p242882,Bafodé Diakité,45,58329,42275,12880,29395,,,
2025-09-12T10:17:56.948574,2526,4,BOU,MID,687,p606774,Remy Rees-Dottin,45,11665,5702,5249,453,,,
2025-09-12T10:17:56.948574,2526,4,BOU,MID,697,p489888,Amine Adli,55,0,2276,1008,1268,,,
2025-09-12T10:17:56.948574,2526,4,BOU,DEF,713,p551483,Álex Jiménez Sánchez,45,0,437,106,331,,,
2025-09-12T10:17:56.948574,2526,4,BOU,DEF,721,p620487,Veljko Milosavljevic,45,0,129,17,112,,,
2025-09-12T10:17:56.948574,2526,4,BRE,MID,27,p200641,Reiss Nelson,49,11665,4148,7512,-3364,,,
2025-09-12T10:17:56.948574,2526,4,BRE,MID,83,p533463,Dango Ouattara,60,116658,141072,50312,90760,,100,
2025-09-12T10:17:56.948574,2526,4,BRE,GK,101,p200720,Caoimhín Kelleher,45,1108252,129292,220666,-91374,,100,
2025-09-12T10:17:56.948574,2526,4,BRE,GK,102,p235448,Ellery Balcombe,40,34997,4780,6099,-1319,,,
2025-09-12T10:17:56.948574,2526,4,BRE,GK,103,p503300,Matthew Cox,40,11665,1781,2770,-989,,,
2025-09-12T10:17:56.948574,2526,4,BRE,GK,104,p535017,Julian Eyestone,40,11665,612,1557,-945,,,
2025-09-12T10:17:56.948574,2526,4,BRE,GK,105,p507433,Hákon Rafn Valdimarsson,40,93326,3698,17777,-14079,,,
2025-09-12T10:17:56.948574,2526,4,BRE,DEF,106,p432830,Nathan Collins,50,186653,35844,45714,-9870,,,
2025-09-12T10:17:56.948574,2526,4,BRE,DEF,107,p249231,Keane Lewis-Potter,50,46663,10825,11658,-833,,,
2025-09-12T10:17:56.948574,2526,4,BRE,DEF,108,p191866,Kristoffer Ajer,45,23331,2612,6596,-3984,,,
2025-09-12T10:17:56.948574,2526,4,BRE,DEF,109,p194010,Rico Henry,45,11665,2435,5380,-2945,,,
2025-09-12T10:17:56.948574,2526,4,BRE,DEF,110,p607464,Michael Kayode,45,46663,37919,15832,22087,,,
2025-09-12T10:17:56.948574,2526,4,BRE,DEF,111,p231065,Ethan Pinnock,44,11665,1574,10108,-8534,,100,
2025-09-12T10:17:56.948574,2526,4,BRE,DEF,112,p226956,Mads Roerslev Rasmussen,45,0,211,2735,-2524,Has joined Southampton permanently.,0,
2025-09-12T10:17:56.948574,2526,4,BRE,DEF,113,p444765,Sepp van den Berg,45,81660,51516,23121,28395,,,
2025-09-12T10:17:56.948574,2526,4,BRE,DEF,114,p622536,Benjamin Arthur,40,34997,3962,8867,-4905,,,
2025-09-12T10:17:56.948574,2526,4,BRE,DEF,115,p612534,Benjamin Fredrick,40,23331,1490,4740,-3250,,,
2025-09-12T10:17:56.948574,2526,4,BRE,DEF,116,p472713,Aaron Hickey,40,46663,6071,12138,-6067,,,
2025-09-12T10:17:56.948574,2526,4,BRE,DEF,117,p570241,Kim Ji-soo,40,11665,1020,4724,-3704,,,
2025-09-12T10:17:56.948574,2526,4,BRE,DEF,118,p499717,Jayden Meghoma,40,11665,279,6950,-6671,Has joined Rangers on loan for the rest of the season.,0,
2025-09-12T10:17:56.948574,2526,4,BRE,MID,120,p513418,Kevin Schade,70,34997,11950,16388,-4438,,100,
2025-09-12T10:17:56.948574,2526,4,BRE,MID,121,p440089,Mikkel Damsgaard,59,93326,21876,46986,-25110,,,
2025-09-12T10:17:56.948574,2526,4,BRE,MID,122,p543295,Antoni Milambo,54,0,960,3042,-2082,,,
2025-09-12T10:17:56.948574,2526,4,BRE,MID,123,p244858,Fábio Freitas Gouveia Carvalho,49,23331,6095,15867,-9772,,,
2025-09-12T10:17:56.948574,2526,4,BRE,MID,124,p56979,Jordan Henderson,50,34997,6173,11123,-4950,,,
2025-09-12T10:17:56.948574,2526,4,BRE,MID,125,p204580,Vitaly Janelt,49,0,60,1055,-995,Lack of match fitness - 25% chance of playing,25,
2025-09-12T10:17:56.948574,2526,4,BRE,MID,126,p207283,Mathias Jensen,49,11665,1174,3702,-2528,,,
2025-09-12T10:17:56.948574,2526,4,BRE,MID,127,p626464,Gustavo Nunes Fernandes Gomes,49,0,72,628,-556,Hamstring injury - Unknown return date,0,
2025-09-12T10:17:56.948574,2526,4,BRE,MID,128,p428580,Frank Onyeka,50,11665,3008,2914,94,,,
2025-09-12T10:17:56.948574,2526,4,BRE,MID,129,p508395,Yehor Yarmoliuk,50,11665,3846,2549,1297,,,
2025-09-12T10:17:56.948574,2526,4,BRE,MID,130,p606689,Romelle Donovan,45,11665,2530,4545,-2015,,,
2025-09-12T10:17:56.948574,2526,4,BRE,MID,131,p628204,Yunus Emre Konak,44,23331,4541,6983,-2442,,,
2025-09-12T10:17:56.948574,2526,4,BRE,MID,132,p220695,Paris Maghoma,45,0,129,1466,-1337,Lack of match fitness - 25% chance of playing,25,
2025-09-12T10:17:56.948574,2526,4,BRE,MID,133,p450539,Myles Peart-Harris,45,0,773,1657,-884,,,
2025-09-12T10:17:56.948574,2526,4,BRE,MID,134,p591357,Ryan Trevitt,45,0,0,615,-615,Has joined Wigan on loan for the rest of the season,0,
2025-09-12T10:17:56.948574,2526,4,BRE,FWD,136,p502500,Igor Thiago Nascimento Rodrigues,60,174987,125777,68241,57536,,,
2025-09-12T10:17:56.948574,2526,4,BRE,FWD,137,p533710,Iwan Morgan,44,46663,9463,21177,-11714,,,
2025-09-12T10:17:56.948574,2526,4,BHA,GK,138,p49262,Jason Steele,45,46663,2653,14663,-12010,,,
2025-09-12T10:17:56.948574,2526,4,BHA,GK,139,p489639,Bart Verbruggen,45,688283,53996,199072,-145076,,,
2025-09-12T10:17:56.948574,2526,4,BHA,GK,140,p209288,Tom McGill,40,46663,5067,7100,-2033,,,
2025-09-12T10:17:56.948574,2526,4,BHA,GK,141,p472739,Carl Rushworth,40,0,0,129,-129,Has joined Coventry City on loan for the rest of the season.,0,
2025-09-12T10:17:56.948574,2526,4,BHA,GK,142,p240514,Kjell Scherpen,40,0,0,117,-117,Has joined Union SG permanently,0,
2025-09-12T10:17:56.948574,2526,4,BHA,DEF,143,p204120,Olivier Boscagli,44,11665,1358,5135,-3777,,,
2025-09-12T10:17:56.948574,2526,4,BHA,DEF,144,p550090,Diego Coppola,44,11665,531,2798,-2267,,,
2025-09-12T10:17:56.948574,2526,4,BHA,DEF,145,p465730,Maxim De Cuyper,45,501630,43162,211251,-168089,,,
2025-09-12T10:17:56.948574,2526,4,BHA,DEF,146,p83299,Lewis Dunk,45,139989,25752,33919,-8167,,,
2025-09-12T10:17:56.948574,2526,4,BHA,DEF,147,p204214,Pervis Estupiñán Tenorio,45,0,0,1602,-1602,Has joined AC Milan permanently,0,
2025-09-12T10:17:56.948574,2526,4,BHA,DEF,148,p231416,Ferdi Kadıoğlu,44,11665,2033,8870,-6837,,,
2025-09-12T10:17:56.948574,2526,4,BHA,DEF,150,p232792,Tariq Lamptey,44,23331,2778,19800,-17022,has joined Fiorentina permanently.,0,
2025-09-12T10:17:56.948574,2526,4,BHA,DEF,151,p469142,Jan Paul van Hecke,45,116658,11386,32985,-21599,,,
2025-09-12T10:17:56.948574,2526,4,BHA,DEF,152,p111478,Joël Veltman,44,23331,2212,9522,-7310,,,
2025-09-12T10:17:56.948574,2526,4,BHA,DEF,153,p110735,Adam Webster,44,0,143,793,-650,Knee injury - Unknown return date,0,
2025-09-12T10:17:56.948574,2526,4,BHA,DEF,154,p439135,Eiran Cashin,40,0,0,482,-482,Has joined Birmingham on loan for the rest of the season.,0,
2025-09-12T10:17:56.948574,2526,4,BHA,DEF,155,p589100,Jacob Slater,40,23331,2284,5590,-3306,,,
2025-09-12T10:17:56.948574,2526,4,BHA,DEF,156,p547720,Charlie Tasker,40,11665,1440,4463,-3023,,,
2025-09-12T10:17:56.948574,2526,4,BHA,MID,157,p451340,Mitoma Kaoru,64,559959,57303,285703,-228400,,,
2025-09-12T10:17:56.948574,2526,4,BHA,MID,158,p463067,Georginio Rutter,59,81660,24823,94452,-69629,,100,
2025-09-12T10:17:56.948574,2526,4,BHA,MID,159,p109345,Solly March,58,0,120,1655,-1535,Knee injury - Unknown return date,0,
2025-09-12T10:17:56.948574,2526,4,BHA,MID,160,p592031,Yankuba Minteh,59,93326,19484,60541,-41057,,,
2025-09-12T10:17:56.948574,2526,4,BHA,MID,161,p474120,Julio Enciso Espínola,54,0,105,2352,-2247,has joined Strasbourg permanently.,0,
2025-09-12T10:17:56.948574,2526,4,BHA,MID,162,p513433,Brajan Gruda,54,11665,5656,2804,2852,,,
2025-09-12T10:17:56.948574,2526,4,BHA,MID,163,p532529,Jack Hinshelwood,53,11665,703,5213,-4510,,,
2025-09-12T10:17:56.948574,2526,4,BHA,MID,164,p219249,Matt O'Riley,55,128324,130744,112499,18245,has joined Marseille on loan for the rest of the season.,0,
2025-09-12T10:17:56.948574,2526,4,BHA,MID,165,p516211,Abdallah Sima,54,0,247,1325,-1078,has joined Lens permanently.,0,
2025-09-12T10:17:56.948574,2526,4,BHA,MID,166,p509416,Yasin Ayari,50,23331,3507,8676,-5169,,,
2025-09-12T10:17:56.948574,2526,4,BHA,MID,167,p535301,Carlos Baleba,49,396637,56390,184088,-127698,,,
2025-09-12T10:17:56.948574,2526,4,BHA,MID,169,p514254,Diego Gómez Amarilla,50,11665,847,2355,-1508,,,
2025-09-12T10:17:56.948574,2526,4,BHA,MID,170,p15157,James Milner,50,11665,5208,4726,482,,,
2025-09-12T10:17:56.948574,2526,4,BHA,MID,171,p441192,Jeremy Sarmiento Morante,49,0,196,1688,-1492,has joined Cremonese on loan for the rest of the season.,0,
2025-09-12T10:17:56.948574,2526,4,BHA,MID,172,p549074,Tom Watson,50,0,338,1087,-749,,100,
2025-09-12T10:17:56.948574,2526,4,BHA,MID,173,p467779,Mats Wieffer,50,11665,2766,3540,-774,,100,
2025-09-12T10:17:56.948574,2526,4,BHA,MID,174,p611695,Malick Yalcouyé,50,0,0,1025,-1025,Has joined Swansea City on loan for the rest of the season.,0,
2025-09-12T10:17:56.948574,2526,4,BHA,MID,175,p567121,Joe Knight,45,11665,2036,3394,-1358,,,
2025-09-12T10:17:56.948574,2526,4,BHA,MID,176,p550141,Adrian Mazilu,45,0,828,1608,-780,,,
2025-09-12T10:17:56.948574,2526,4,BHA,MID,177,p513834,Andrew Moran,45,0,490,3362,-2872,Has joined Los Angeles FC on loan for the rest of the season.,0,
2025-09-12T10:17:56.948574,2526,4,BHA,FWD,178,p50175,Danny Welbeck,64,268313,35458,267815,-232357,,,
2025-09-12T10:17:56.948574,2526,4,BHA,FWD,179,p487117,Evan Ferguson,55,0,0,1293,-1293,Has joined AS Roma on loan for the rest of the season,0,
2025-09-12T10:17:56.948574,2526,4,BHA,FWD,180,p608181,Stefanos Tzimas,54,11665,3492,7963,-4471,,,
2025-09-12T10:17:56.948574,2526,4,BHA,FWD,181,p647850,Charalampos Kostoulas,49,34997,7607,23047,-15440,,,
2025-09-12T10:17:56.948574,2526,4,CHE,MID,168,p536916,Facundo Buonanotte,49,11665,2250,10315,-8065,,,
2025-09-12T10:17:56.948574,2526,4,CHE,GK,220,p215059,Robert Lynch Sánchez,50,2811462,395088,393215,1873,,,
2025-09-12T10:17:56.948574,2526,4,CHE,GK,221,p508479,Filip Jörgensen,44,23331,1789,7370,-5581,,,
2025-09-12T10:17:56.948574,2526,4,CHE,GK,222,p549939,Mike Penders,40,0,0,218,-218,Has joined RC Strasbourg on loan for the rest of the season.,0,
2025-09-12T10:17:56.948574,2526,4,CHE,GK,223,p471798,Gabriel Słonina,40,11665,1474,3106,-1632,,,
2025-09-12T10:17:56.948574,2526,4,CHE,DEF,224,p179268,Marc Cucurella Saseta,61,3313092,1148361,291387,856974,,,
2025-09-12T10:17:56.948574,2526,4,CHE,DEF,225,p225796,Reece James,55,583291,140959,227293,-86334,,,
2025-09-12T10:17:56.948574,2526,4,CHE,DEF,226,p180736,Trevoh Chalobah,51,839939,658817,99696,559121,,,
2025-09-12T10:17:56.948574,2526,4,CHE,DEF,227,p460028,Levi Samuels Colwill,49,23331,379,24374,-23995,Anterior cruciate ligament - Unknown return date,0,
2025-09-12T10:17:56.948574,2526,4,CHE,DEF,228,p482609,Malo Gusto,50,174987,33404,65652,-32248,,,
2025-09-12T10:17:56.948574,2526,4,CHE,DEF,229,p242880,Benoît Badiashile Mukinayi,44,0,101,1145,-1044,Lack of match fitness - 50% chance of playing,50,
2025-09-12T10:17:56.948574,2526,4,CHE,DEF,230,p444463,Wesley Fofana,44,23331,3812,10384,-6572,,100,
2025-09-12T10:17:56.948574,2526,4,CHE,DEF,231,p574458,Mamadou Sarr,45,0,0,1555,-1555,Has joined RC Strasbourg on loan for the rest of the season.,0,
2025-09-12T10:17:56.948574,2526,4,CHE,DEF,232,p109646,Tosin Adarabioyo,45,139989,53748,60315,-6567,,100,
2025-09-12T10:17:56.948574,2526,4,CHE,DEF,233,p577016,Josh Acheampong,40,233316,257865,134274,123591,,,
2025-09-12T10:17:56.948574,2526,4,CHE,DEF,234,p622758,Aarón Anselmino,40,11665,1030,5423,-4393,has joined Borussia Dortmund on loan for the rest of the season.,0,
2025-09-12T10:17:56.948574,2526,4,CHE,MID,235,p244851,Cole Palmer,104,2391493,161021,4424238,-4263217,Lack of match fitness - 75% chance of playing,75,
2025-09-12T10:17:56.948574,2526,4,CHE,MID,236,p247632,Pedro Lomba Neto,70,653285,317666,165597,152069,,,
2025-09-12T10:17:56.948574,2526,4,CHE,MID,237,p448047,Enzo Fernández,66,1283240,839007,154269,684738,,,
2025-09-12T10:17:56.948574,2526,4,CHE,MID,238,p624773,Estêvão Almeida de Oliveira Gonçalves,65,303311,170567,100514,70053,,,
2025-09-12T10:17:56.948574,2526,4,CHE,MID,239,p463936,Jamie Bynoe-Gittens,63,23331,4189,19710,-15521,,,
2025-09-12T10:17:56.948574,2526,4,CHE,MID,240,p213198,Christopher Nkunku,59,11665,2668,18458,-15790,has joined AC Milan permanently.,0,
2025-09-12T10:17:56.948574,2526,4,CHE,MID,241,p486672,Moisés Caicedo Corozo,55,793275,263642,171780,91862,,,
2025-09-12T10:17:56.948574,2526,4,CHE,MID,243,p550615,Tyrique George,49,11665,1460,2772,-1312,,,
2025-09-12T10:17:56.948574,2526,4,CHE,MID,244,p514356,Roméo Lavia,49,0,91,1654,-1563,Lack of match fitness - 50% chance of playing,50,
2025-09-12T10:17:56.948574,2526,4,CHE,MID,245,p465920,Mykhailo Mudryk,50,0,238,473,-235,Suspended - unknown return date,0,
2025-09-12T10:17:56.948574,2526,4,CHE,MID,246,p532605,Andrey Nascimento dos Santos,45,34997,15782,18368,-2586,,,
2025-09-12T10:17:56.948574,2526,4,CHE,MID,247,p491007,Dário Luís Essugo,44,11665,2471,2974,-503,Thigh injury - Unknown return date,0,
2025-09-12T10:17:56.948574,2526,4,CHE,MID,248,p611134,Kendry Páez Andrade,45,0,0,716,-716,Has joined RC Strasbourg on loan for the rest of the season.,0,
2025-09-12T10:17:56.948574,2526,4,CHE,FWD,249,p475168,João Pedro Junqueira de Jesus,77,7547785,1742677,575894,1166783,,,
2025-09-12T10:17:56.948574,2526,4,CHE,FWD,250,p463034,Liam Delap,63,221650,38017,275048,-237031,Hamstring injury - Expected back 22 Nov,0,12
2025-09-12T10:17:56.948574,2526,4,CHE,FWD,251,p517052,Nicolas Jackson,65,11665,4962,11039,-6077,has joined Bayern Munich on loan for the rest of the season.,0,
2025-09-12T10:17:56.948574,2526,4,CHE,FWD,252,p499309,Marc Guiu Paz,44,1458227,209663,904442,-694779,,100,
2025-09-12T10:17:56.948574,2526,4,CHE,MID,453,p493105,Alejandro Garnacho Ferreyra,64,34997,12999,12289,710,,,
2025-09-12T10:17:56.948574,2526,4,CHE,DEF,672,p551210,Jorrel Hato,49,23331,4610,19056,-14446,,,
2025-09-12T10:17:56.948574,2526,4,CRY,GK,253,p172649,Dean Henderson,50,909933,177716,116787,60929,,,
2025-09-12T10:17:56.948574,2526,4,CRY,GK,254,p121709,Walter Benítez,40,46663,4795,7341,-2546,,,
2025-09-12T10:17:56.948574,2526,4,CRY,GK,255,p169593,Remi Matthews,40,11665,1011,1956,-945,,,
2025-09-12T10:17:56.948574,2526,4,CRY,DEF,256,p247348,Daniel Muñoz Mejía,56,1411564,552879,177517,375362,,,
2025-09-12T10:17:56.948574,2526,4,CRY,DEF,257,p437499,Maxence Lacroix,50,314977,202547,66267,136280,,,
2025-09-12T10:17:56.948574,2526,4,CRY,DEF,258,p244723,Tyrick Mitchell,50,209984,89733,45778,43955,,,
2025-09-12T10:17:56.948574,2526,4,CRY,DEF,259,p218364,Borna Sosa,50,11665,2228,5462,-3234,,,
2025-09-12T10:17:56.948574,2526,4,CRY,DEF,260,p209036,Marc Guéhi,46,2041518,753689,217759,535930,,,
2025-09-12T10:17:56.948574,2526,4,CRY,DEF,261,p427623,Chris Richards,45,209984,101700,54106,47594,,,
2025-09-12T10:17:56.948574,2526,4,CRY,DEF,262,p515621,Chadi Riad Dnanou,40,0,162,347,-185,Knee injury - Unknown return date,0,
2025-09-12T10:17:56.948574,2526,4,CRY,DEF,263,p57328,Nathaniel Clyne,40,69994,5857,17862,-12005,,,
2025-09-12T10:17:56.948574,2526,4,CRY,DEF,264,p156074,Rob Holding,40,0,0,2543,-2543,Has joined Colorado Rapids permanently.,0,
2025-09-12T10:17:56.948574,2526,4,CRY,DEF,265,p590012,Caleb Kporha,40,0,141,1173,-1032,Back injury - Unknown return date,0,
2025-09-12T10:17:56.948574,2526,4,CRY,MID,267,p232185,Ismaïla Sarr,65,734946,436901,267336,169565,Muscle injury - 75% chance of playing,75,
2025-09-12T10:17:56.948574,2526,4,CRY,MID,268,p438464,Cheick Doucouré,50,0,103,274,-171,Knee injury - Unknown return date,0,
2025-09-12T10:17:56.948574,2526,4,CRY,MID,269,p606921,Romain Esse,49,23331,4236,11388,-7152,,,
2025-09-12T10:17:56.948574,2526,4,CRY,MID,270,p108413,Will Hughes,49,11665,3213,5253,-2040,,100,
2025-09-12T10:17:56.948574,2526,4,CRY,MID,271,p209400,Daichi Kamada,50,11665,7284,2848,4436,,100,
2025-09-12T10:17:56.948574,2526,4,CRY,MID,272,p152551,Jefferson Lerma Solís,50,11665,781,2331,-1550,,,
2025-09-12T10:17:56.948574,2526,4,CRY,MID,273,p496221,Adam Wharton,50,58329,15577,26783,-11206,Muscle injury - 75% chance of playing,75,
2025-09-12T10:17:56.948574,2526,4,CRY,MID,274,p579075,Asher Agbinone,45,11665,1046,2250,-1204,,,
2025-09-12T10:17:56.948574,2526,4,CRY,MID,275,p466117,Naouirou Ahamada,45,0,791,1672,-881,,,
2025-09-12T10:17:56.948574,2526,4,CRY,MID,276,p489706,Justin Devenny,45,174987,33990,61511,-27521,,,
2025-09-12T10:17:56.948574,2526,4,CRY,MID,277,p450535,Malcolm Ebiowei,45,0,0,539,-539,Has joined Blackpool permanently.,0,
2025-09-12T10:17:56.948574,2526,4,CRY,MID,278,p450542,Jesurun Rak-Sakyi,45,11665,1022,2708,-1686,,,
2025-09-12T10:17:56.948574,2526,4,CRY,MID,279,p536694,Matheus França de Oliveira,45,0,95,1056,-961,Has joined CR Vasco da Gama on loan for the rest of the season.,0,
2025-09-12T10:17:56.948574,2526,4,CRY,MID,280,p531989,David Ozoh,45,0,0,129,-129,Has joined Derby County on loan for the rest of the season.,0,
2025-09-12T10:17:56.948574,2526,4,CRY,MID,281,p530318,Kaden Rodney,45,0,781,1558,-777,,,
2025-09-12T10:17:56.948574,2526,4,CRY,MID,282,p574398,Franco Umeh-Chibueze,45,0,544,1153,-609,,,
2025-09-12T10:17:56.948574,2526,4,CRY,FWD,283,p231747,Jean-Philippe Mateta,75,1201579,469465,364721,104744,,,
2025-09-12T10:17:56.948574,2526,4,CRY,FWD,284,p205533,Eddie Nketiah,54,23331,850,24129,-23279,Hamstring injury - Expected back 18 Oct,0,8
2025-09-12T10:17:56.948574,2526,4,CRY,FWD,285,p199670,Odsonne Édouard,50,58329,9044,55762,-46718,has joined RC Lens permanently.,0,
2025-09-12T10:17:56.948574,2526,4,CRY,FWD,286,p576980,Zach Marsh,45,34997,6304,12261,-5957,,,
2025-09-12T10:17:56.948574,2526,4,CRY,MID,690,p590014,Rio Cardines,45,23331,13978,9932,4046,,,
2025-09-12T10:17:56.948574,2526,4,CRY,MID,712,p488024,Yéremy Pino Santos,60,0,6103,2757,3346,Ankle injury - 75% chance of playing,75,
2025-09-12T10:17:56.948574,2526,4,CRY,DEF,723,p651426,Jaydee Canvot,45,0,95,17,78,,,
2025-09-12T10:17:56.948574,2526,4,CRY,FWD,732,p660392,Christantus Uche,55,0,864,134,730,,,
2025-09-12T10:17:56.948574,2526,4,EVE,MID,242,p215413,Kiernan Dewsbury-Hall,50,524961,174880,167233,7647,,,
2025-09-12T10:17:56.948574,2526,4,EVE,GK,287,p111234,Jordan Pickford,55,1388232,256001,203310,52691,,,
2025-09-12T10:17:56.948574,2526,4,EVE,GK,288,p229600,Mark Travers,45,11665,1129,3759,-2630,,,
2025-09-12T10:17:56.948574,2526,4,EVE,GK,289,p447325,Harry Tyrer,40,11665,1188,2567,-1379,,,
2025-09-12T10:17:56.948574,2526,4,EVE,DEF,290,p480455,Jarrad Branthwaite,53,34997,578,52097,-51519,Hamstring injury - Unknown return date,0,
2025-09-12T10:17:56.948574,2526,4,EVE,DEF,291,p17761,James Tarkowski,55,828273,195210,155152,40058,,,
2025-09-12T10:17:56.948574,2526,4,EVE,DEF,292,p224967,Vitalii Mykolenko,49,58329,4937,49082,-44145,Knock - 75% chance of playing,75,
2025-09-12T10:17:56.948574,2526,4,EVE,DEF,293,p512462,Jake O'Brien,50,58329,13655,17790,-4135,,,
2025-09-12T10:17:56.948574,2526,4,EVE,DEF,294,p59949,Séamus Coleman,45,11665,2061,6054,-3993,,,
2025-09-12T10:17:56.948574,2526,4,EVE,DEF,295,p106611,Michael Keane,45,69994,36238,17876,18362,,,
2025-09-12T10:17:56.948574,2526,4,EVE,DEF,296,p243571,Nathan Patterson,44,0,137,1681,-1544,Hernia - Unknown return date,0,
2025-09-12T10:17:56.948574,2526,4,EVE,DEF,297,p496178,Roman Dixon,40,23331,2476,6669,-4193,,,
2025-09-12T10:17:56.948574,2526,4,EVE,DEF,298,p474907,Reece Welch,40,11665,1065,4492,-3427,,,
2025-09-12T10:17:56.948574,2526,4,EVE,MID,299,p440993,Iliman Ndiaye,65,1108252,219648,359306,-139658,,,
2025-09-12T10:17:56.948574,2526,4,EVE,MID,300,p433154,Dwight McNeil,58,23331,2755,24862,-22107,,,
2025-09-12T10:17:56.948574,2526,4,EVE,MID,301,p502697,Carlos Alcaraz Durán,54,11665,2133,8023,-5890,,,
2025-09-12T10:17:56.948574,2526,4,EVE,MID,302,p80801,Idrissa Gana Gueye,54,11665,1689,4549,-2860,,,
2025-09-12T10:17:56.948574,2526,4,EVE,MID,303,p232928,James Garner,50,34997,30204,10343,19861,,,
2025-09-12T10:17:56.948574,2526,4,EVE,MID,304,p490094,Tim Iroegbunam,50,0,339,1064,-725,,,
2025-09-12T10:17:56.948574,2526,4,EVE,MID,305,p609873,Harrison Armstrong,45,11665,3524,7165,-3641,has joined Preston North End on loan for the rest of the season.,0,
2025-09-12T10:17:56.948574,2526,4,EVE,MID,306,p547801,Callum Bates,45,11665,1537,3469,-1932,,,
2025-09-12T10:17:56.948574,2526,4,EVE,MID,307,p504296,Coby Ebere,45,0,720,1627,-907,,,
2025-09-12T10:17:56.948574,2526,4,EVE,MID,308,p496279,Isaac Heath,45,0,458,1855,-1397,has joined Accrington on loan for the rest of the season.,0,
2025-09-12T10:17:56.948574,2526,4,EVE,MID,309,p491557,Jenson Metcalfe,45,0,0,82,-82,Has joined Bradford City permanently.,0,
2025-09-12T10:17:56.948574,2526,4,EVE,FWD,310,p586309,Thierno Barry,59,58329,12255,41143,-28888,,,
2025-09-12T10:17:56.948574,2526,4,EVE,FWD,311,p486385,Norberto Bercique Gomes Betuncal,54,629954,118753,416412,-297659,,,
2025-09-12T10:17:56.948574,2526,4,EVE,FWD,312,p491012,Youssef Ramalho Chermiti,49,11665,2418,8657,-6239,has joined Rangers permanently.,0,
2025-09-12T10:17:56.948574,2526,4,EVE,FWD,313,p536241,Martin Sherif,44,23331,4224,10357,-6133,,,
2025-09-12T10:17:56.948574,2526,4,EVE,MID,419,p114283,Jack Grealish,67,2053184,1613593,169709,1443884,,,
2025-09-12T10:17:56.948574,2526,4,EVE,GK,630,p138001,Tom King,40,163321,7816,24174,-16358,,,
2025-09-12T10:17:56.948574,2526,4,EVE,DEF,667,p499300,Adam Aznou,44,11665,811,6699,-5888,Ankle injury - 25% chance of playing,25,
2025-09-12T10:17:56.948574,2526,4,EVE,MID,704,p461446,Tyler Onyango,45,11665,8420,4223,4197,has joined Stockport County on loan for the rest of the season.,0,
2025-09-12T10:17:56.948574,2526,4,EVE,DEF,705,p491745,Elijah Campbell,40,23331,10623,2901,7722,,,
2025-09-12T10:17:56.948574,2526,4,EVE,MID,707,p496661,Tyler Dibling,55,0,2091,674,1417,,,
2025-09-12T10:17:56.948574,2526,4,EVE,MID,728,p513466,Merlin Röhl,50,0,92,13,79,,,
2025-09-12T10:17:56.948574,2526,4,FUL,GK,314,p80201,Bernd Leno,50,186653,24947,39249,-14302,,,
2025-09-12T10:17:56.948574,2526,4,FUL,GK,315,p428971,Steven Benda,40,0,0,238,-238,Has joined Millwall on loan for the rest of the season.,0,
2025-09-12T10:17:56.948574,2526,4,FUL,DEF,316,p169528,Antonee Robinson,50,93326,24963,45541,-20578,,100,
2025-09-12T10:17:56.948574,2526,4,FUL,DEF,317,p174874,Joachim Andersen,45,338308,64096,61956,2140,,,
2025-09-12T10:17:56.948574,2526,4,FUL,DEF,318,p232892,Calvin Bassey,45,58329,14129,14979,-850,,,
2025-09-12T10:17:56.948574,2526,4,FUL,DEF,319,p166477,Timothy Castagne,45,11665,2452,4472,-2020,,,
2025-09-12T10:17:56.948574,2526,4,FUL,DEF,320,p219924,Issa Diop,44,11665,817,2993,-2176,,,
2025-09-12T10:17:56.948574,2526,4,FUL,DEF,321,p246301,Jorge Cuenca Barreno,45,0,365,1361,-996,,,
2025-09-12T10:17:56.948574,2526,4,FUL,DEF,322,p167074,Kenny Tete,45,23331,7877,6108,1769,,,
2025-09-12T10:17:56.948574,2526,4,FUL,DEF,323,p591385,Samuel Amissah,40,23331,1368,5060,-3692,,,
2025-09-12T10:17:56.948574,2526,4,FUL,MID,324,p153133,Alex Iwobi,65,163321,38071,59713,-21642,,,
2025-09-12T10:17:56.948574,2526,4,FUL,MID,325,p209289,Emile Smith Rowe,59,93326,22758,45843,-23085,,,
2025-09-12T10:17:56.948574,2526,4,FUL,MID,326,p159533,Adama Traoré Diarra,54,23331,2396,14275,-11879,,,
2025-09-12T10:17:56.948574,2526,4,FUL,MID,327,p156689,Andreas Hoelgebaum Pereira,53,23331,2438,22317,-19879,has joined Palmeiras permanently.,0,
2025-09-12T10:17:56.948574,2526,4,FUL,MID,328,p184349,Ryan Sessegnon,54,0,1529,1833,-304,,100,
2025-09-12T10:17:56.948574,2526,4,FUL,MID,329,p153682,Harry Wilson,54,69994,10810,55955,-45145,,100,
2025-09-12T10:17:56.948574,2526,4,FUL,MID,330,p207189,Sander Berge,50,11665,1012,2107,-1095,,,
2025-09-12T10:17:56.948574,2526,4,FUL,MID,331,p76357,Tom Cairney,49,0,291,1463,-1172,,,
2025-09-12T10:17:56.948574,2526,4,FUL,MID,332,p212314,Saša Lukić,50,11665,1859,2464,-605,,,
2025-09-12T10:17:56.948574,2526,4,FUL,MID,333,p573062,Martial Godo,45,11665,898,3214,-2316,has joined Strasbourg permanently.,0,
2025-09-12T10:17:56.948574,2526,4,FUL,MID,334,p515024,Luke Harris,45,0,0,202,-202,Has joined Oxford United on loan for the rest of the season.,0,
2025-09-12T10:17:56.948574,2526,4,FUL,MID,335,p577725,Josh King,45,279979,234938,85302,149636,,,
2025-09-12T10:17:56.948574,2526,4,FUL,MID,336,p153366,Harrison Reed,44,34997,9881,11900,-2019,,,
2025-09-12T10:17:56.948574,2526,4,FUL,FWD,337,p102057,Raúl Jiménez Rodríguez,64,151655,19433,111740,-92307,,,
2025-09-12T10:17:56.948574,2526,4,FUL,FWD,338,p244042,Rodrigo Muniz Carvalho,55,268313,134628,122119,12509,,,
2025-09-12T10:17:56.948574,2526,4,FUL,GK,664,p86873,Benjamin Lecomte,40,93326,4910,12178,-7268,,,
2025-09-12T10:17:56.948574,2526,4,FUL,MID,727,p218328,Samuel Chukwueze,55,0,1887,575,1312,,,
2025-09-12T10:17:56.948574,2526,4,FUL,MID,731,p560552,Kevin Santos Lopes de Macedo,60,0,2304,599,1705,,,
2025-09-12T10:17:56.948574,2526,4,FUL,FWD,737,p631786,Jonah Kusi-Asare,45,0,222,36,186,,,
2025-09-12T10:17:56.948574,2526,4,LEE,GK,339,p437495,Illan Meslier,44,69994,3550,25402,-21852,,,
2025-09-12T10:17:56.948574,2526,4,LEE,GK,340,p97846,Alex Cairns,40,23331,1721,3774,-2053,,,
2025-09-12T10:17:56.948574,2526,4,LEE,GK,341,p59735,Karl Darlow,40,291645,14624,64176,-49552,,,
2025-09-12T10:17:56.948574,2526,4,LEE,DEF,342,p226182,Jayden Bogle,45,23331,4105,5043,-938,,100,
2025-09-12T10:17:56.948574,2526,4,LEE,DEF,343,p222694,Pascal Struijk,45,46663,12072,12912,-840,,,
2025-09-12T10:17:56.948574,2526,4,LEE,DEF,344,p434752,Jaka Bijol,40,23331,3410,5523,-2113,,100,
2025-09-12T10:17:56.948574,2526,4,LEE,DEF,345,p437738,Sebastiaan Bornauw,40,11665,435,2156,-1721,,100,
2025-09-12T10:17:56.948574,2526,4,LEE,DEF,346,p113564,Sam Byram,40,23331,1430,7021,-5591,,,
2025-09-12T10:17:56.948574,2526,4,LEE,DEF,347,p243526,Gabriel Gudmundsson,40,489964,255967,107100,148867,,100,
2025-09-12T10:17:56.948574,2526,4,LEE,DEF,348,p214225,Joe Rodon,40,326642,140116,72178,67938,,100,
2025-09-12T10:17:56.948574,2526,4,LEE,DEF,349,p492368,Isaac Schmidt,40,11665,788,6925,-6137,has joined Werder Bremen on loan for the rest of the season.,0,
2025-09-12T10:17:56.948574,2526,4,LEE,MID,350,p427637,Brenden Aaronson,54,11665,762,3270,-2508,,,
2025-09-12T10:17:56.948574,2526,4,LEE,MID,351,p492859,Wilfried Gnonto,54,23331,4404,16087,-11683,,,
2025-09-12T10:17:56.948574,2526,4,LEE,MID,352,p221399,Jack Harrison,54,11665,639,7534,-6895,,,
2025-09-12T10:17:56.948574,2526,4,LEE,MID,353,p200617,Daniel James,54,34997,4008,19768,-15760,,,
2025-09-12T10:17:56.948574,2526,4,LEE,MID,354,p199598,Ethan Ampadu,49,0,663,5582,-4919,Knee injury - 75% chance of playing,75,
2025-09-12T10:17:56.948574,2526,4,LEE,MID,355,p248937,Sam Greenwood,49,11665,1234,6146,-4912,has joined Pogon Szczecin permanently.,0,
2025-09-12T10:17:56.948574,2526,4,LEE,MID,356,p486520,Ilia Gruev,50,0,461,1626,-1165,,,
2025-09-12T10:17:56.948574,2526,4,LEE,MID,357,p433952,Largie Ramazani,49,0,203,2732,-2529,has joined Valencia on loan for the rest of the season.,0,
2025-09-12T10:17:56.948574,2526,4,LEE,MID,358,p248056,Tanaka Ao,49,23331,3768,15502,-11734,Knee injury - 75% chance of playing,75,
2025-09-12T10:17:56.948574,2526,4,LEE,MID,359,p536119,Charlie Crew,45,0,0,662,-662,Has joined Doncaster Rovers on loan for the rest of the season.,0,
2025-09-12T10:17:56.948574,2526,4,LEE,MID,360,p462635,Joe Gelhardt,45,0,0,1944,-1944,Has joined Hull City on loan for the rest of the season.,0,
2025-09-12T10:17:56.948574,2526,4,LEE,MID,361,p470294,Darko Gyabi,45,11665,1165,4081,-2916,has joined Hull City permanently.,0,
2025-09-12T10:17:56.948574,2526,4,LEE,FWD,362,p235826,Joël Piroe,54,116658,15506,113953,-98447,Calf injury - 75% chance of playing,75,
2025-09-12T10:17:56.948574,2526,4,LEE,FWD,363,p106617,Patrick Bamford,49,116658,16144,125751,-109607,has departed the club as a free agent.,0,
2025-09-12T10:17:56.948574,2526,4,LEE,FWD,364,p565297,Mateo Joseph Fernández-Regatillo,50,0,0,1934,-1934,Has joined RCD Mallorca on loan for the rest of the season.,0,
2025-09-12T10:17:56.948574,2526,4,LEE,FWD,365,p174594,Lukas Nmecha,50,93326,64435,42308,22127,Foot injury - 75% chance of playing,75,
2025-09-12T10:17:56.948574,2526,4,LEE,MID,493,p180135,Sean Longstaff,49,23331,4314,7423,-3109,,,
2025-09-12T10:17:56.948574,2526,4,LEE,MID,660,p466525,Anton Stach,50,58329,33916,18325,15591,,,
2025-09-12T10:17:56.948574,2526,4,LEE,GK,665,p201595,Lucas Estella Perri,45,46663,14344,12664,1680,Thigh injury - Expected back 27 Sep,0,6
2025-09-12T10:17:56.948574,2526,4,LEE,FWD,691,p177815,Dominic Calvert-Lewin,55,11665,10641,5071,5570,,100,
2025-09-12T10:17:56.948574,2526,4,LEE,MID,698,p435997,Noah Okafor,55,0,1820,934,886,,100,
2025-09-12T10:17:56.948574,2526,4,LEE,DEF,706,p220627,James Justin,40,23331,18397,3734,14663,,,
2025-09-12T10:17:56.948574,2526,4,LIV,GK,366,p116535,Alisson Becker,55,1248242,136693,282807,-146114,,,
2025-09-12T10:17:56.948574,2526,4,LIV,GK,367,p449027,Giorgi Mamardashvili,44,46663,3468,20035,-16567,,,
2025-09-12T10:17:56.948574,2526,4,LIV,GK,368,p586268,Ármin Pécsi,40,11665,703,2174,-1471,,,
2025-09-12T10:17:56.948574,2526,4,LIV,GK,369,p155503,Freddie Woodman,40,11665,835,2424,-1589,,,
2025-09-12T10:17:56.948574,2526,4,LIV,DEF,370,p216094,Jeremie Frimpong,59,1049923,61443,2293253,-2231810,,100,
2025-09-12T10:17:56.948574,2526,4,LIV,DEF,371,p544877,Milos Kerkez,60,688283,134216,248306,-114090,,,
2025-09-12T10:17:56.948574,2526,4,LIV,DEF,372,p122798,Andrew Robertson,59,128324,10110,53831,-43721,,,
2025-09-12T10:17:56.948574,2526,4,LIV,DEF,373,p97032,Virgil van Dijk,60,3114773,566649,408727,157922,,,
2025-09-12T10:17:56.948574,2526,4,LIV,DEF,374,p204716,Ibrahima Konaté,55,338308,69885,113164,-43279,,,
2025-09-12T10:17:56.948574,2526,4,LIV,DEF,375,p492777,Conor Bradley,50,11665,5010,8404,-3394,,100,
2025-09-12T10:17:56.948574,2526,4,LIV,DEF,376,p171287,Joe Gomez,50,11665,3817,4611,-794,,100,
2025-09-12T10:17:56.948574,2526,4,LIV,DEF,377,p214285,Konstantinos Tsimikas,49,11665,1225,5972,-4747,,,
2025-09-12T10:17:56.948574,2526,4,LIV,DEF,378,p611926,Amara Nallo,39,23331,8602,6081,2521,,,
2025-09-12T10:17:56.948574,2526,4,LIV,DEF,379,p219937,Rhys Williams,39,23331,6012,7421,-1409,,,
2025-09-12T10:17:56.948574,2526,4,LIV,DEF,380,p489580,Calvin Ramsay,39,23331,4802,6857,-2055,,,
2025-09-12T10:17:56.948574,2526,4,LIV,MID,381,p118748,Mohamed Salah,145,6311208,658812,523220,135592,,,
2025-09-12T10:17:56.948574,2526,4,LIV,MID,382,p494595,Florian Wirtz,84,2356495,240171,1515393,-1275222,,,
2025-09-12T10:17:56.948574,2526,4,LIV,MID,383,p244731,Luis Díaz Marulanda,80,11665,0,6342,-6342,Has joined Bayern Munch permanently.,0,
2025-09-12T10:17:56.948574,2526,4,LIV,MID,384,p243298,Cody Gakpo,77,2006521,1317475,323984,993491,,,
2025-09-12T10:17:56.948574,2526,4,LIV,MID,385,p223541,Federico Chiesa,65,34997,14041,15129,-1088,,,
2025-09-12T10:17:56.948574,2526,4,LIV,MID,386,p243016,Alexis Mac Allister,64,174987,40262,96520,-56258,,100,
2025-09-12T10:17:56.948574,2526,4,LIV,MID,387,p424876,Dominik Szoboszlai,65,338308,140884,87215,53669,,,
2025-09-12T10:17:56.948574,2526,4,LIV,MID,388,p206915,Curtis Jones,54,11665,2645,6051,-3406,Knock - Unknown return date,0,
2025-09-12T10:17:56.948574,2526,4,LIV,MID,390,p441266,Ryan Gravenberch,55,69994,43378,16778,26600,,100,
2025-09-12T10:17:56.948574,2526,4,LIV,MID,392,p158983,Endo Wataru,50,11665,3198,5606,-2408,,,
2025-09-12T10:17:56.948574,2526,4,LIV,MID,393,p535928,Stefan Bajčetić Maquieira,44,11665,4223,3315,908,Hamstring injury - Unknown return date,0,
2025-09-12T10:17:56.948574,2526,4,LIV,MID,394,p491501,James McConnell,44,0,1102,1575,-473,,,
2025-09-12T10:17:56.948574,2526,4,LIV,MID,395,p440148,Tyler Morton,45,0,0,263,-263,Has joined Lyon permanently.,0,
2025-09-12T10:17:56.948574,2526,4,LIV,MID,396,p591386,Trey Nyoni,44,23331,23190,11875,11315,,,
2025-09-12T10:17:56.948574,2526,4,LIV,FWD,397,p447203,Darwin Núñez Ribeiro,65,11665,0,14329,-14329,Has joined Al-Hilal permanently.,0,
2025-09-12T10:17:56.948574,2526,4,LIV,FWD,398,p500058,Jayden Danns,44,11665,3244,7542,-4298,,,
2025-09-12T10:17:56.948574,2526,4,LIV,FWD,499,p219168,Alexander Isak,104,944931,611639,663620,-51981,,100,
2025-09-12T10:17:56.948574,2526,4,LIV,FWD,661,p510663,Hugo Ekitiké,88,3499746,1825301,521123,1304178,,,
2025-09-12T10:17:56.948574,2526,4,LIV,MID,686,p611922,Rio Ngumoha,45,46663,55467,20959,34508,,,
2025-09-12T10:17:56.948574,2526,4,LIV,DEF,692,p647681,Giovanni Leoni,50,0,1137,948,189,,,
2025-09-12T10:17:56.948574,2526,4,MCI,GK,182,p432720,James Trafford,50,256648,90748,107895,-17147,,,
2025-09-12T10:17:56.948574,2526,4,MCI,GK,399,p121160,Ederson Santana de Moraes,53,198318,15200,175264,-160064,has joined Fenerbache permanently.,0,
2025-09-12T10:17:56.948574,2526,4,MCI,GK,400,p88248,Stefan Ortega Moreno,49,23331,1237,9706,-8469,,,
2025-09-12T10:17:56.948574,2526,4,MCI,GK,401,p122074,Marcus Bettinelli,40,11665,890,6051,-5161,Knock - Unknown return date,0,
2025-09-12T10:17:56.948574,2526,4,MCI,DEF,402,p448514,Rayan Aït-Nouri,60,1924860,477908,874229,-396321,,100,
2025-09-12T10:17:56.948574,2526,4,MCI,DEF,403,p477424,Joško Gvardiol,58,349974,3260,767279,-764019,Knock - Unknown return date,0,
2025-09-12T10:17:56.948574,2526,4,MCI,DEF,404,p211975,Manuel Akanji,54,58329,9281,54586,-45305,has joined Inter Milan on loan for the rest of the season.,0,
2025-09-12T10:17:56.948574,2526,4,MCI,DEF,405,p126184,Nathan Aké,55,81660,12285,28946,-16661,,,
2025-09-12T10:17:56.948574,2526,4,MCI,DEF,406,p578153,Abdukodir Khusanov,54,34997,5409,19673,-14264,Calf injury - 75% chance of playing,75,
2025-09-12T10:17:56.948574,2526,4,MCI,DEF,407,p465351,Matheus Nunes,54,34997,5341,24127,-18786,,,
2025-09-12T10:17:56.948574,2526,4,MCI,DEF,408,p171314,Rúben dos Santos Gato Alves Dias,55,466632,121511,111034,10477,,,
2025-09-12T10:17:56.948574,2526,4,MCI,DEF,409,p97299,John Stones,55,128324,35426,25464,9962,,,
2025-09-12T10:17:56.948574,2526,4,MCI,DEF,410,p477064,Rico Lewis,50,396637,329906,168700,161206,Knock - 75% chance of playing,75,
2025-09-12T10:17:56.948574,2526,4,MCI,DEF,411,p472769,Nico O'Reilly,49,11665,2567,8775,-6208,Knock - 75% chance of playing,75,
2025-09-12T10:17:56.948574,2526,4,MCI,DEF,412,p616222,Vitor de Oliveira Nunes dos Reis,50,0,0,712,-712,Has joined Girona on loan for the rest of the season.,0,
2025-09-12T10:17:56.948574,2526,4,MCI,MID,413,p438234,Omar Marmoush,84,769944,161518,681588,-520070,Knee injury - Unknown return date,0,
2025-09-12T10:17:56.948574,2526,4,MCI,MID,414,p209244,Phil Foden,80,174987,38775,74107,-35332,,100,
2025-09-12T10:17:56.948574,2526,4,MCI,MID,415,p510281,Sávio Moreira de Oliveira,69,46663,640,71317,-70677,Knock - 50% chance of playing,50,
2025-09-12T10:17:56.948574,2526,4,MCI,MID,416,p165809,Bernardo Mota Veiga de Carvalho e Silva,64,69994,15266,40669,-25403,,,
2025-09-12T10:17:56.948574,2526,4,MCI,MID,417,p466052,Rayan Cherki,64,559959,175117,572289,-397172,Thigh injury - Expected back 26 Oct,0,9
2025-09-12T10:17:56.948574,2526,4,MCI,MID,418,p248875,Jérémy Doku,64,104992,21325,63028,-41703,,,
2025-09-12T10:17:56.948574,2526,4,MCI,MID,420,p59859,İlkay Gündoğan,63,11665,1928,13219,-11291,has joined Galatasaray permanently.,0,
2025-09-12T10:17:56.948574,2526,4,MCI,MID,421,p220566,Rodrigo 'Rodri' Hernandez Cascante,64,69994,18588,32070,-13482,,100,
2025-09-12T10:17:56.948574,2526,4,MCI,MID,422,p91651,Mateo Kovačić,60,0,199,636,-437,Achilles injury - Expected back 13 Sep,0,4
2025-09-12T10:17:56.948574,2526,4,MCI,MID,423,p465694,Nico González Iglesias,60,11665,4209,5343,-1134,,,
2025-09-12T10:17:56.948574,2526,4,MCI,MID,424,p477555,Oscar Bobb,55,69994,60186,28324,31862,,,
2025-09-12T10:17:56.948574,2526,4,MCI,MID,425,p575204,Claudio Echeverri,54,0,194,2699,-2505,Has joined Bayer Leverkusen on loan for the rest of the season.,0,
2025-09-12T10:17:56.948574,2526,4,MCI,MID,427,p433036,Tijjani Reijnders,57,3756394,1847804,558333,1289471,,,
2025-09-12T10:17:56.948574,2526,4,MCI,MID,428,p566164,Sverre Nypan,50,0,73,1991,-1918,Has joined Middlesbrough on loan for the rest of the season.,0,
2025-09-12T10:17:56.948574,2526,4,MCI,MID,429,p155405,Kalvin Phillips,49,11665,1041,3030,-1989,,,
2025-09-12T10:17:56.948574,2526,4,MCI,FWD,430,p223094,Erling Haaland,141,3826388,1098283,401406,696877,,,
2025-09-12T10:17:56.948574,2526,4,MCI,GK,736,p204936,Gianluigi Donnarumma,55,104992,77662,8223,69439,,,
2025-09-12T10:17:56.948574,2526,4,MUN,MID,119,p446008,Bryan Mbeumo,81,1889862,738468,452475,285993,,,
2025-09-12T10:17:56.948574,2526,4,MUN,GK,431,p451302,Altay Bayındır,50,46663,16203,19443,-3240,,,
2025-09-12T10:17:56.948574,2526,4,MUN,GK,432,p202641,André Onana,49,34997,5141,13069,-7928,,100,
2025-09-12T10:17:56.948574,2526,4,MUN,GK,433,p588555,Elyh Harrison,40,0,0,157,-157,On loan to Shrewsbury Town,0,
2025-09-12T10:17:56.948574,2526,4,MUN,GK,434,p21205,Tom Heaton,40,34997,3324,5968,-2644,,,
2025-09-12T10:17:56.948574,2526,4,MUN,GK,435,p461537,Dermot Mee,40,11665,954,2166,-1212,,,
2025-09-12T10:17:56.948574,2526,4,MUN,DEF,436,p209365,Matthijs de Ligt,50,349974,147210,95306,51904,,,
2025-09-12T10:17:56.948574,2526,4,MUN,DEF,437,p221820,Lisandro Martínez,49,11665,371,10797,-10426,Knee injury - Unknown return date,0,
2025-09-12T10:17:56.948574,2526,4,MUN,DEF,438,p230001,Noussair Mazraoui,49,23331,2440,17902,-15462,,100,
2025-09-12T10:17:56.948574,2526,4,MUN,DEF,439,p661712,Diego León Blanco,44,11665,734,3357,-2623,,,
2025-09-12T10:17:56.948574,2526,4,MUN,DEF,440,p216051,Diogo Dalot Teixeira,45,198318,20836,69213,-48377,Muscle injury - 75% chance of playing,75,
2025-09-12T10:17:56.948574,2526,4,MUN,DEF,441,p596777,Patrick Dorgu,45,781609,341646,278378,63268,,,
2025-09-12T10:17:56.948574,2526,4,MUN,DEF,442,p95658,Harry Maguire,44,81660,11058,28124,-17066,,,
2025-09-12T10:17:56.948574,2526,4,MUN,DEF,443,p106760,Luke Shaw,45,34997,13038,10223,2815,,,
2025-09-12T10:17:56.948574,2526,4,MUN,DEF,444,p550864,Leny Yoro,45,291645,134665,73929,60736,,,
2025-09-12T10:17:56.948574,2526,4,MUN,DEF,445,p577974,Harry Amass,40,11665,1160,6786,-5626,has joined Sheffield Wednesday on loan for the rest of the season.,0,
2025-09-12T10:17:56.948574,2526,4,MUN,DEF,446,p547676,Tyler Fredricson,40,11665,568,3438,-2870,,,
2025-09-12T10:17:56.948574,2526,4,MUN,DEF,447,p606745,Ayden Heaven,40,139989,11369,44440,-33071,,,
2025-09-12T10:17:56.948574,2526,4,MUN,DEF,448,p222690,Tyrell Malacia,40,34997,2741,10424,-7683,,,
2025-09-12T10:17:56.948574,2526,4,MUN,MID,449,p141746,Bruno Borges Fernandes,90,2449822,588756,654669,-65913,,,
2025-09-12T10:17:56.948574,2526,4,MUN,MID,450,p430871,Matheus Santos Carneiro da Cunha,80,979928,719284,697903,21381,Hamstring injury - 75% chance of playing,75,
2025-09-12T10:17:56.948574,2526,4,MUN,MID,451,p176297,Marcus Rashford,70,0,0,1591,-1591,Has joined Barcelona on loan for the rest of the season,0,
2025-09-12T10:17:56.948574,2526,4,MUN,MID,452,p493250,Amad Diallo,64,233316,29845,137319,-107474,,,
2025-09-12T10:17:56.948574,2526,4,MUN,MID,454,p467169,Antony dos Santos,59,11665,1511,7441,-5930,has joined Real Betis permanently.,0,
2025-09-12T10:17:56.948574,2526,4,MUN,MID,455,p184341,Mason Mount,60,34997,15070,21933,-6863,Knock - 75% chance of playing,75,
2025-09-12T10:17:56.948574,2526,4,MUN,MID,457,p61256,Carlos Henrique Casimiro,55,23331,6564,10381,-3817,,,
2025-09-12T10:17:56.948574,2526,4,MUN,MID,458,p516895,Kobbie Mainoo,49,58329,10961,37914,-26953,,,
2025-09-12T10:17:56.948574,2526,4,MUN,MID,459,p232112,Manuel Ugarte Ribeiro,49,11665,3727,9810,-6083,,,
2025-09-12T10:17:56.948574,2526,4,MUN,MID,460,p490881,Toby Collyer,45,11665,423,6316,-5893,Has joined West Bromwich Albion on loan for the rest of the season.,0,
2025-09-12T10:17:56.948574,2526,4,MUN,MID,461,p556639,Jayce Fitzgerald,45,0,438,1374,-936,,,
2025-09-12T10:17:56.948574,2526,4,MUN,MID,462,p547037,Jack Fletcher,44,11665,1543,1760,-217,,,
2025-09-12T10:17:56.948574,2526,4,MUN,MID,463,p618873,Sékou Koné,45,11665,1458,3402,-1944,,,
2025-09-12T10:17:56.948574,2526,4,MUN,MID,464,p559684,Jack Moorhouse,45,0,399,1150,-751,,100,
2025-09-12T10:17:56.948574,2526,4,MUN,FWD,465,p497894,Rasmus Højlund,63,46663,5437,40530,-35093,has joined Napoli on loan for the rest of the season.,0,
2025-09-12T10:17:56.948574,2526,4,MUN,FWD,466,p458249,Joshua Zirkzee,59,46663,10451,23544,-13093,,100,
2025-09-12T10:17:56.948574,2526,4,MUN,FWD,467,p596047,Chido Obi,44,186653,20373,93935,-73562,,,
2025-09-12T10:17:56.948574,2526,4,MUN,FWD,468,p575034,Ethan Wheatley,45,11665,1987,5964,-3977,,100,
2025-09-12T10:17:56.948574,2526,4,MUN,FWD,681,p485711,Benjamin Sesko,74,676617,183323,518837,-335514,,,
2025-09-12T10:17:56.948574,2526,4,MUN,GK,733,p465247,Senne Lammens,50,11665,5914,649,5265,,,
2025-09-12T10:17:56.948574,2526,4,NEW,MID,52,p232653,Jacob Ramsey,54,46663,12478,35341,-22863,Ankle injury - Expected back 18 Oct,0,8
2025-09-12T10:17:56.948574,2526,4,NEW,FWD,135,p216646,Yoane Wissa,75,174987,82989,199968,-116979,Knee injury - Unknown return date,0,
2025-09-12T10:17:56.948574,2526,4,NEW,GK,469,p98747,Nick Pope,50,664951,244875,91310,153565,,,
2025-09-12T10:17:56.948574,2526,4,NEW,GK,471,p81441,Mark Gillespie,40,11665,1665,2856,-1191,,,
2025-09-12T10:17:56.948574,2526,4,NEW,GK,472,p111452,Odysseas Vlachodimos,40,0,0,1366,-1366,Has joined Sevilla on loan for the rest of the season.,0,
2025-09-12T10:17:56.948574,2526,4,NEW,DEF,473,p487838,Lewis Hall,54,174987,35027,88236,-53209,,,
2025-09-12T10:17:56.948574,2526,4,NEW,DEF,474,p119471,Fabian Schär,55,338308,108392,101273,7119,,100,
2025-09-12T10:17:56.948574,2526,4,NEW,DEF,475,p220237,Sven Botman,49,58329,10502,19761,-9259,,,
2025-09-12T10:17:56.948574,2526,4,NEW,DEF,476,p78916,Dan Burn,50,641620,244634,86765,157869,,,
2025-09-12T10:17:56.948574,2526,4,NEW,DEF,477,p441191,Tino Livramento,51,1026592,626242,109481,516761,,,
2025-09-12T10:17:56.948574,2526,4,NEW,DEF,478,p77794,Kieran Trippier,50,314977,94690,45030,49660,,,
2025-09-12T10:17:56.948574,2526,4,NEW,DEF,479,p111773,Emil Krafth,45,0,569,1890,-1321,,,
2025-09-12T10:17:56.948574,2526,4,NEW,DEF,480,p101148,Jamaal Lascelles,44,11665,742,3039,-2297,,,
2025-09-12T10:17:56.948574,2526,4,NEW,DEF,481,p545477,Alex Murphy,40,81660,10941,26117,-15176,,,
2025-09-12T10:17:56.948574,2526,4,NEW,DEF,482,p441024,Harrison Ashby,40,11665,684,3932,-3248,,,
2025-09-12T10:17:56.948574,2526,4,NEW,DEF,483,p578512,Miodrag Pivaš,40,11665,534,3578,-3044,,,
2025-09-12T10:17:56.948574,2526,4,NEW,DEF,484,p169359,Matt Targett,40,46663,3759,18556,-14797,has joined Middlesbrough on loan for the rest of the season.,0,
2025-09-12T10:17:56.948574,2526,4,NEW,MID,485,p232826,Anthony Gordon,74,128324,118484,207192,-88708,Suspended until 28 Sep,0,6
2025-09-12T10:17:56.948574,2526,4,NEW,MID,486,p449434,Anthony Elanga,70,991594,409092,347966,61126,,,
2025-09-12T10:17:56.948574,2526,4,NEW,MID,487,p201666,Harvey Barnes,65,128324,105258,50789,54469,,,
2025-09-12T10:17:56.948574,2526,4,NEW,MID,488,p208706,Bruno Guimarães Rodriguez Moura,65,291645,120822,62474,58348,,,
2025-09-12T10:17:56.948574,2526,4,NEW,MID,489,p114243,Jacob Murphy,63,139989,10668,122231,-111563,,,
2025-09-12T10:17:56.948574,2526,4,NEW,MID,490,p180974,Joelinton Cássio Apolinário de Lira,59,23331,5861,32705,-26844,,100,
2025-09-12T10:17:56.948574,2526,4,NEW,MID,491,p432422,Sandro Tonali,54,151655,26977,96650,-69673,,100,
2025-09-12T10:17:56.948574,2526,4,NEW,MID,492,p640108,Antoñito Cordero Campillo,49,0,463,1640,-1177,,100,
2025-09-12T10:17:56.948574,2526,4,NEW,MID,494,p200089,Joe Willock,50,0,1220,2080,-860,,100,
2025-09-12T10:17:56.948574,2526,4,NEW,MID,495,p153127,Isaac Hayden,45,0,0,1120,-1120,Has departed the club as a free agent.,0,
2025-09-12T10:17:56.948574,2526,4,NEW,MID,496,p564510,Garang Kuol,45,11665,1052,2598,-1546,,,
2025-09-12T10:17:56.948574,2526,4,NEW,MID,497,p547719,Lewis Miley,45,233316,39093,87999,-48906,,,
2025-09-12T10:17:56.948574,2526,4,NEW,MID,498,p461484,Joe White,45,0,0,837,-837,Has joined Leyton Orient on loan for the rest of the season.,0,
2025-09-12T10:17:56.948574,2526,4,NEW,FWD,500,p538207,William Osula,55,58329,45749,25085,20664,,,
2025-09-12T10:17:56.948574,2526,4,NEW,FWD,501,p599303,Sean Neave,44,23331,4791,11046,-6255,,,
2025-09-12T10:17:56.948574,2526,4,NEW,GK,674,p225321,Aaron Ramsdale,49,81660,5611,32587,-26976,,,
2025-09-12T10:17:56.948574,2526,4,NEW,DEF,684,p465642,Malick Thiaw,50,23331,3761,8165,-4404,,,
2025-09-12T10:17:56.948574,2526,4,NEW,MID,689,p623110,Seung-Soo Park,45,23331,9888,7971,1917,,,
2025-09-12T10:17:56.948574,2526,4,NEW,FWD,714,p470313,Nick Woltemade,70,46663,42970,8687,34283,,,
2025-09-12T10:17:56.948574,2526,4,NFO,DEF,12,p206325,Oleksandr Zinchenko,49,34997,7779,19044,-11265,Ineligible to face his parent club on 13/9. - Expected back 20 Sep,0,5
2025-09-12T10:17:56.948574,2526,4,NFO,MID,426,p432714,James McAtee,55,23331,5925,9653,-3728,,,
2025-09-12T10:17:56.948574,2526,4,NFO,GK,502,p85633,Matz Sels,50,1878197,175369,477888,-302519,,,
2025-09-12T10:17:56.948574,2526,4,NFO,GK,503,p475123,Carlos Miguel dos Santos Pereira,40,11665,448,7981,-7533,Has joined Palmeiras permanently.,0,
2025-09-12T10:17:56.948574,2526,4,NFO,GK,504,p224068,Matt Turner,40,11665,0,8616,-8616,Has joined Lyon permanently.,0,
2025-09-12T10:17:56.948574,2526,4,NFO,DEF,505,p227444,Nikola Milenković,55,944931,123335,256544,-133209,,,
2025-09-12T10:17:56.948574,2526,4,NFO,DEF,506,p575476,Murillo Costa dos Santos,55,629954,58844,176280,-117436,,,
2025-09-12T10:17:56.948574,2526,4,NFO,DEF,507,p159506,Ola Aina,50,1399898,230414,405192,-174778,Hamstring injury - 25% chance of playing,25,
2025-09-12T10:17:56.948574,2526,4,NFO,DEF,508,p215136,Neco Williams,50,921599,83595,259325,-175730,,,
2025-09-12T10:17:56.948574,2526,4,NFO,DEF,509,p451432,David Mota Veiga Teixeira do Carmo,45,0,427,2284,-1857,has joined Real Oviedo on loan for the rest of the season.,0,
2025-09-12T10:17:56.948574,2526,4,NFO,DEF,510,p575458,Jair Paula da Cunha Filho,44,11665,735,3007,-2272,,,
2025-09-12T10:17:56.948574,2526,4,NFO,DEF,511,p485047,Felipe Rodrigues da Silva,44,11665,619,3279,-2660,,,
2025-09-12T10:17:56.948574,2526,4,NFO,DEF,512,p204822,Omar Richards,45,0,345,2081,-1736,has joined Rio Ave on loan for the rest of the season.,0,
2025-09-12T10:17:56.948574,2526,4,NFO,DEF,513,p549067,Zach Abbott,40,23331,1610,5851,-4241,,,
2025-09-12T10:17:56.948574,2526,4,NFO,DEF,514,p90585,Willy Boly,40,46663,4094,14426,-10332,,,
2025-09-12T10:17:56.948574,2526,4,NFO,MID,515,p222531,Morgan Gibbs-White,75,641620,238472,203827,34645,,,
2025-09-12T10:17:56.948574,2526,4,NFO,MID,516,p209046,Callum Hudson-Odoi,60,174987,94639,61343,33296,,,
2025-09-12T10:17:56.948574,2526,4,NFO,MID,517,p215379,Elliot Anderson,55,641620,139368,203881,-64513,,,
2025-09-12T10:17:56.948574,2526,4,NFO,MID,518,p510500,João Pedro Ferreira da Silva,54,11665,1018,3907,-2889,,,
2025-09-12T10:17:56.948574,2526,4,NFO,MID,519,p250199,Nicolás Domínguez,50,0,62,87,-25,Knee injury - Expected back 05 Oct,0,7
2025-09-12T10:17:56.948574,2526,4,NFO,MID,520,p243345,Lewis O'Brien,50,0,0,91,-91,Has joined Wrexham permanently.,0,
2025-09-12T10:17:56.948574,2526,4,NFO,MID,521,p210462,Ibrahim Sangaré,50,11665,1933,2442,-509,,,
2025-09-12T10:17:56.948574,2526,4,NFO,MID,522,p204968,Ryan Yates,49,11665,986,5180,-4194,,,
2025-09-12T10:17:56.948574,2526,4,NFO,MID,523,p569014,Eric da Silva Moreira,45,11665,1896,8180,-6284,has joined Rio Ave on loan for the rest of the season.,0,
2025-09-12T10:17:56.948574,2526,4,NFO,MID,524,p495161,Marko Stamenić,45,0,245,3914,-3669,Has joined Swansea City permanently.,0,
2025-09-12T10:17:56.948574,2526,4,NFO,FWD,525,p60689,Chris Wood,77,2788130,1764023,719059,1044964,,,
2025-09-12T10:17:56.948574,2526,4,NFO,FWD,526,p482973,Igor Jesus Maciel da Cruz,59,58329,8732,44453,-35721,,,
2025-09-12T10:17:56.948574,2526,4,NFO,FWD,527,p210156,Taiwo Awoniyi,54,58329,9349,41207,-31858,,,
2025-09-12T10:17:56.948574,2526,4,NFO,MID,669,p456512,Dan Ndoye,61,384972,406884,123111,283773,,,
2025-09-12T10:17:56.948574,2526,4,NFO,GK,675,p107265,Angus Gunn,40,198318,15997,26520,-10523,,,
2025-09-12T10:17:56.948574,2526,4,NFO,MID,693,p503301,Omari Hutchinson,55,0,1864,1011,853,,,
2025-09-12T10:17:56.948574,2526,4,NFO,FWD,696,p465680,Arnaud Kalimuendo,60,11665,3222,1844,1378,,,
2025-09-12T10:17:56.948574,2526,4,NFO,MID,699,p230046,Douglas Luiz Soares de Paulo,50,11665,6711,2957,3754,,,
2025-09-12T10:17:56.948574,2526,4,NFO,GK,715,p221389,John Victor Maciel Furtado,40,11665,6930,634,6296,,,
2025-09-12T10:17:56.948574,2526,4,NFO,DEF,716,p500151,Nicolò Savona,45,0,172,30,142,,,
2025-09-12T10:17:56.948574,2526,4,NFO,DEF,729,p560441,Luis Eduardo Soares da Silva,45,0,25,6,19,has joined Botafogo on loan for the rest of the season.,0,
2025-09-12T10:17:56.948574,2526,4,NFO,MID,734,p476887,Dilane Bakwa,60,0,352,91,261,,,
2025-09-12T10:17:56.948574,2526,4,SUN,GK,528,p232571,Anthony Patterson,44,34997,3916,13674,-9758,,,
2025-09-12T10:17:56.948574,2526,4,SUN,GK,529,p74854,Simon Moore,40,58329,4281,9099,-4818,,,
2025-09-12T10:17:56.948574,2526,4,SUN,GK,530,p490000,Blondy Nna Noukeu,40,11665,966,2672,-1706,,,
2025-09-12T10:17:56.948574,2526,4,SUN,DEF,531,p223827,Daniel Ballard,46,408303,585253,404758,180495,Groin Injury - Expected back 21 Sep,0,5
2025-09-12T10:17:56.948574,2526,4,SUN,DEF,532,p487676,Trai Hume,45,34997,16179,11631,4548,,,
2025-09-12T10:17:56.948574,2526,4,SUN,DEF,533,p220684,Aji Alese,40,0,144,232,-88,Shoulder injury - Expected back 21 Sep,0,5
2025-09-12T10:17:56.948574,2526,4,SUN,DEF,534,p232820,Joe Anderson,40,46663,4880,15056,-10176,,,
2025-09-12T10:17:56.948574,2526,4,SUN,DEF,535,p461195,Dennis Cirkin,40,0,155,1111,-956,Wrist Injury - Unknown return date,0,
2025-09-12T10:17:56.948574,2526,4,SUN,DEF,536,p477547,Leo Fuhr Hjelde,40,0,138,221,-83,Achilles injury - Unknown return date,0,
2025-09-12T10:17:56.948574,2526,4,SUN,DEF,537,p492066,Niall Huggins,40,11665,1038,7472,-6434,has joined Wycombe Wanderers on loan for the rest of the season.,0,
2025-09-12T10:17:56.948574,2526,4,SUN,DEF,538,p514613,Zak Johnson,40,23331,1852,6626,-4774,,,
2025-09-12T10:17:56.948574,2526,4,SUN,DEF,539,p167512,Luke O'Nien,40,0,328,827,-499,Shoulder injury - Expected back 21 Sep,0,5
2025-09-12T10:17:56.948574,2526,4,SUN,DEF,540,p465702,Timothée Pembélé,40,23331,1369,5681,-4312,,,
2025-09-12T10:17:56.948574,2526,4,SUN,DEF,541,p434399,Reinildo Mandava,40,956597,343638,173883,169755,,,
2025-09-12T10:17:56.948574,2526,4,SUN,DEF,542,p519634,Jenson Seelt,40,23331,3016,10295,-7279,has joined Wolfsburg on loan for the rest of the season.,0,
2025-09-12T10:17:56.948574,2526,4,SUN,MID,543,p535818,Simon Adingra,55,151655,64073,87972,-23899,,,
2025-09-12T10:17:56.948574,2526,4,SUN,MID,544,p547027,Habib Diarra,55,11665,4312,5289,-977,,,
2025-09-12T10:17:56.948574,2526,4,SUN,MID,545,p124165,Patrick Roberts,54,0,462,2497,-2035,has joined Birmingham City on loan for the rest of the season.,0,
2025-09-12T10:17:56.948574,2526,4,SUN,MID,546,p626844,Milan Aleksić,49,0,295,1806,-1511,has joined Cracovia on loan for the rest of the season.,0,
2025-09-12T10:17:56.948574,2526,4,SUN,MID,547,p484420,Enzo Le Fée,49,46663,27378,20600,6778,,,
2025-09-12T10:17:56.948574,2526,4,SUN,MID,548,p461199,Romaine Mundle,49,0,61,532,-471,Hamstring injury - Expected back 18 Oct,0,8
2025-09-12T10:17:56.948574,2526,4,SUN,MID,549,p223336,Dan Neil,49,0,240,1559,-1319,,,
2025-09-12T10:17:56.948574,2526,4,SUN,MID,550,p215460,Ian Poveda-Ocampo,49,0,114,1090,-976,,,
2025-09-12T10:17:56.948574,2526,4,SUN,MID,551,p554197,Chris Rigg,49,0,401,2650,-2249,,,
2025-09-12T10:17:56.948574,2526,4,SUN,MID,552,p577669,Noah Sadiki,50,0,1511,1861,-350,,,
2025-09-12T10:17:56.948574,2526,4,SUN,MID,553,p549912,Chemsdine Talbi,50,34997,31279,20081,11198,,,
2025-09-12T10:17:56.948574,2526,4,SUN,MID,554,p477851,Abdoullah Ba,44,23331,6058,11243,-5185,,,
2025-09-12T10:17:56.948574,2526,4,SUN,MID,555,p171422,Alan Browne,45,11665,1291,4799,-3508,has joined Middlesbrough on loan for the rest of the season.,0,
2025-09-12T10:17:56.948574,2526,4,SUN,MID,556,p458297,Pierre Ekwah Elimby,45,0,0,1211,-1211,Has joined AS Saint-Etienne permanently.,0,
2025-09-12T10:17:56.948574,2526,4,SUN,MID,557,p547410,Harrison Jones,45,11665,998,2634,-1636,,,
2025-09-12T10:17:56.948574,2526,4,SUN,MID,558,p493837,Jay Matete,44,23331,4615,10518,-5903,,,
2025-09-12T10:17:56.948574,2526,4,SUN,MID,559,p500696,Nectarios Triantis,44,11665,1220,2807,-1587,,,
2025-09-12T10:17:56.948574,2526,4,SUN,FWD,560,p437505,Wilson Isidor,55,69994,53521,23503,30018,,,
2025-09-12T10:17:56.948574,2526,4,SUN,FWD,561,p564406,Eliezer Mayenda Dossou,55,198318,232924,130551,102373,,,
2025-09-12T10:17:56.948574,2526,4,SUN,FWD,562,p611975,Ahmed Abdullahi,44,46663,7858,25272,-17414,,,
2025-09-12T10:17:56.948574,2526,4,SUN,FWD,563,p551153,Luís Hemir Silva Semedo,44,23331,2855,7999,-5144,,,
2025-09-12T10:17:56.948574,2526,4,SUN,FWD,564,p440955,Nazarii Rusyn,44,23331,3530,10147,-6617,has joined Arka on loan for the rest of the season.,0,
2025-09-12T10:17:56.948574,2526,4,SUN,MID,668,p84450,Granit Xhaka,50,314977,76468,92921,-16453,,,
2025-09-12T10:17:56.948574,2526,4,SUN,GK,670,p498016,Robin Roefs,45,163321,125320,45059,80261,,,
2025-09-12T10:17:56.948574,2526,4,SUN,DEF,678,p105717,Arthur Masuaku,40,81660,12415,18374,-5959,,100,
2025-09-12T10:17:56.948574,2526,4,SUN,DEF,683,p201895,Omar Alderete,40,163321,62656,34428,28228,,,
2025-09-12T10:17:56.948574,2526,4,SUN,DEF,694,p200834,Nordi Mukiele,40,46663,31845,11885,19960,,,
2025-09-12T10:17:56.948574,2526,4,SUN,DEF,724,p247955,Lutsharel Geertruida,45,0,527,94,433,,,
2025-09-12T10:17:56.948574,2526,4,SUN,FWD,730,p441264,Brian Brobbey,55,0,3462,617,2845,,,
2025-09-12T10:17:56.948574,2526,4,SUN,MID,735,p110504,Bertrand Traoré,55,0,299,70,229,,,
2025-09-12T10:17:56.948574,2526,4,TOT,GK,565,p184254,Guglielmo Vicario,50,1038257,520469,163799,356670,,,
2025-09-12T10:17:56.948574,2526,4,TOT,GK,566,p214572,Brandon Austin,40,34997,1754,6056,-4302,,,
2025-09-12T10:17:56.948574,2526,4,TOT,GK,567,p485055,Antonín Kinský,40,186653,6092,43528,-37436,,,
2025-09-12T10:17:56.948574,2526,4,TOT,DEF,568,p441164,Pedro Porro Sauceda,56,2951452,725081,375625,349456,,,
2025-09-12T10:17:56.948574,2526,4,TOT,DEF,569,p221632,Cristian Romero,50,629954,250176,118310,131866,,,
2025-09-12T10:17:56.948574,2526,4,TOT,DEF,570,p135720,Kevin Danso,44,23331,4577,11360,-6783,,,
2025-09-12T10:17:56.948574,2526,4,TOT,DEF,571,p115556,Ben Davies,44,11665,1288,4043,-2755,,,
2025-09-12T10:17:56.948574,2526,4,TOT,DEF,572,p493125,Radu Drăgușin,45,0,135,262,-127,Knee injury - Unknown return date,0,
2025-09-12T10:17:56.948574,2526,4,TOT,DEF,573,p232859,Djed Spence,45,268313,166829,56546,110283,,,
2025-09-12T10:17:56.948574,2526,4,TOT,DEF,574,p487053,Destiny Udogie,44,58329,9668,46863,-37195,,100,
2025-09-12T10:17:56.948574,2526,4,TOT,DEF,575,p491279,Micky van de Ven,46,3324758,649562,382532,267030,,,
2025-09-12T10:17:56.948574,2526,4,TOT,DEF,576,p548308,Ashley Phillips,40,0,0,1304,-1304,Has joined Stoke City on loan for the rest of the season.,0,
2025-09-12T10:17:56.948574,2526,4,TOT,DEF,577,p553299,Takai Kōta,40,11665,251,4842,-4591,Foot injury - 50% chance of playing,50,
2025-09-12T10:17:56.948574,2526,4,TOT,DEF,578,p610799,Luka Vušković,39,93326,7334,43518,-36184,has joined Hamburger SV on loan for the rest of the season.,0,
2025-09-12T10:17:56.948574,2526,4,TOT,MID,579,p85971,Son Heung-min,85,23331,0,22618,-22618,Has joined Los Angeles FC permanently.,0,
2025-09-12T10:17:56.948574,2526,4,TOT,MID,580,p242898,Brennan Johnson,71,1178247,954384,233561,720823,,,
2025-09-12T10:17:56.948574,2526,4,TOT,MID,581,p172780,James Maddison,69,23331,424,18790,-18366,Anterior cruciate ligament - Unknown return date,0,
2025-09-12T10:17:56.948574,2526,4,TOT,MID,582,p460842,Mohammed Kudus,66,3791391,1332649,525261,807388,,,
2025-09-12T10:17:56.948574,2526,4,TOT,MID,583,p445044,Dejan Kulusevski,64,0,213,1048,-835,Knee injury - Unknown return date,0,
2025-09-12T10:17:56.948574,2526,4,TOT,MID,584,p511499,Mathys Tel,63,11665,2496,8766,-6270,,,
2025-09-12T10:17:56.948574,2526,4,TOT,MID,585,p202993,Rodrigo Bentancur,55,23331,4117,8002,-3885,,,
2025-09-12T10:17:56.948574,2526,4,TOT,MID,586,p570526,Lucas Bergvall,54,11665,2121,6466,-4345,,,
2025-09-12T10:17:56.948574,2526,4,TOT,MID,587,p227127,Yves Bissouma,53,11665,754,10528,-9774,Knock - Unknown return date,0,
2025-09-12T10:17:56.948574,2526,4,TOT,MID,588,p550839,Wilson Odobert,54,0,646,2006,-1360,,,
2025-09-12T10:17:56.948574,2526,4,TOT,MID,589,p235674,Manor Solomon,54,0,115,1032,-917,has joined Villarreal CF on loan for the rest of the season.,0,
2025-09-12T10:17:56.948574,2526,4,TOT,MID,590,p436234,Bryan Gil Salvatierra,49,0,467,2109,-1642,,,
2025-09-12T10:17:56.948574,2526,4,TOT,MID,591,p547701,Archie Gray,49,11665,2266,6413,-4147,,,
2025-09-12T10:17:56.948574,2526,4,TOT,MID,592,p499721,Mikey Moore,50,0,0,540,-540,Has joined Rangers on loan for the rest of the season.,0,
2025-09-12T10:17:56.948574,2526,4,TOT,MID,593,p482442,Pape Matar Sarr,50,303311,118326,126248,-7922,,,
2025-09-12T10:17:56.948574,2526,4,TOT,MID,594,p623095,Yang Min-hyeok,45,0,0,2026,-2026,Has joined Portsmouth on loan for the rest of the season.,0,
2025-09-12T10:17:56.948574,2526,4,TOT,MID,595,p499726,Callum Olusesi,44,23331,4678,8195,-3517,,,
2025-09-12T10:17:56.948574,2526,4,TOT,FWD,596,p154566,Dominic Solanke-Mitchell,72,244982,26777,308615,-281838,,100,
2025-09-12T10:17:56.948574,2526,4,TOT,FWD,597,p212319,Richarlison de Andrade,67,1621548,1324721,348552,976169,,,
2025-09-12T10:17:56.948574,2526,4,TOT,FWD,598,p552427,Will Lankshear,45,0,0,3667,-3667,Has joined Oxford United on loan for the rest of the season.,0,
2025-09-12T10:17:56.948574,2526,4,TOT,FWD,599,p490145,Dane Scarlett,44,81660,16545,38177,-21632,,,
2025-09-12T10:17:56.948574,2526,4,TOT,MID,673,p154296,João Maria Lobo Alves Palhares Costa Palhinha Gonçalves,55,93326,58114,28429,29685,,,
2025-09-12T10:17:56.948574,2526,4,TOT,MID,717,p493362,Xavi Simons,70,104992,103331,20813,82518,,,
2025-09-12T10:17:56.948574,2526,4,TOT,FWD,726,p247693,Randal Kolo Muani,70,11665,13244,2705,10539,,,
2025-09-12T10:17:56.948574,2526,4,WHU,DEF,149,p223434,Igor Julio dos Santos de Paulo,45,11665,1055,1807,-752,,100,
2025-09-12T10:17:56.948574,2526,4,WHU,GK,600,p84182,Alphonse Areola,44,338308,13846,179719,-165873,,,
2025-09-12T10:17:56.948574,2526,4,WHU,GK,601,p82143,Wes Foderingham,40,58329,3874,10667,-6793,has joined Aris Limassol permanently.,0,
2025-09-12T10:17:56.948574,2526,4,WHU,GK,602,p483364,Krisztián Hegyi,40,34997,1066,4049,-2983,,,
2025-09-12T10:17:56.948574,2526,4,WHU,DEF,603,p613804,El Hadji Malick Diouf,45,594956,39582,228367,-188785,,,
2025-09-12T10:17:56.948574,2526,4,WHU,DEF,604,p109533,Emerson Palmieri dos Santos,44,11665,1719,11361,-9642,has joined Marseille permanently.,0,
2025-09-12T10:17:56.948574,2526,4,WHU,DEF,605,p214048,Maximilian Kilman,44,23331,3446,14090,-10644,,,
2025-09-12T10:17:56.948574,2526,4,WHU,DEF,606,p233963,Konstantinos Mavropanos,44,11665,732,2037,-1305,,,
2025-09-12T10:17:56.948574,2526,4,WHU,DEF,607,p210494,Nayef Aguerd,44,11665,1288,6600,-5312,has joined Marseille permanently.,0,
2025-09-12T10:17:56.948574,2526,4,WHU,DEF,608,p536109,Ollie Scarles,44,0,222,1334,-1112,,,
2025-09-12T10:17:56.948574,2526,4,WHU,DEF,609,p462116,Jean-Clair Todibo,44,11665,1749,5829,-4080,,,
2025-09-12T10:17:56.948574,2526,4,WHU,DEF,610,p214590,Aaron Wan-Bissaka,44,1714875,48527,937144,-888617,,,
2025-09-12T10:17:56.948574,2526,4,WHU,DEF,611,p518438,Kaelan Casey,40,11665,0,7360,-7360,Has joined Swansea City on loan for the rest of the season.,0,
2025-09-12T10:17:56.948574,2526,4,WHU,MID,612,p224024,Lucas Tolentino Coelho de Lima,59,303311,208371,87840,120531,,,
2025-09-12T10:17:56.948574,2526,4,WHU,MID,613,p215439,Tomáš Souček,58,58329,2441,45296,-42855,,,
2025-09-12T10:17:56.948574,2526,4,WHU,MID,614,p101178,James Ward-Prowse,59,34997,4378,19206,-14828,,,
2025-09-12T10:17:56.948574,2526,4,WHU,MID,615,p450070,Crysencio Summerville,55,0,3956,1332,2624,,100,
2025-09-12T10:17:56.948574,2526,4,WHU,MID,616,p213999,Edson Álvarez Velázquez,49,11665,1147,11764,-10617,Has joined Fenerbahçe on loan for the rest of the season.,0,
2025-09-12T10:17:56.948574,2526,4,WHU,MID,617,p149519,Maxwel Cornet,49,0,246,1821,-1575,has joined Genoa on loan for the rest of the season.,0,
2025-09-12T10:17:56.948574,2526,4,WHU,MID,618,p197024,Guido Rodríguez,49,11665,616,2152,-1536,,,
2025-09-12T10:17:56.948574,2526,4,WHU,MID,619,p577114,Luis Guilherme Lira dos Santos,49,0,121,1853,-1732,Shoulder injury - Unknown return date,0,
2025-09-12T10:17:56.948574,2526,4,WHU,MID,620,p490885,George Earthy,45,11665,734,3399,-2665,,100,
2025-09-12T10:17:56.948574,2526,4,WHU,MID,621,p229384,Andy Irving,45,23331,4783,10310,-5527,,,
2025-09-12T10:17:56.948574,2526,4,WHU,MID,622,p518442,Lewis Orford,44,11665,1052,5870,-4818,has joined Stevenage on loan for the rest of the season.,0,
2025-09-12T10:17:56.948574,2526,4,WHU,MID,623,p490142,Freddie Potts,44,69994,12798,26555,-13757,,,
2025-09-12T10:17:56.948574,2526,4,WHU,FWD,624,p178186,Jarrod Bowen,78,851604,60736,1003224,-942488,,,
2025-09-12T10:17:56.948574,2526,4,WHU,FWD,625,p91889,Niclas Füllkrug,58,186653,25468,246129,-220661,Calf injury - 75% chance of playing,75,
2025-09-12T10:17:56.948574,2526,4,WHU,FWD,626,p565431,Callum Marshall,44,81660,17522,33872,-16350,,,
2025-09-12T10:17:56.948574,2526,4,WHU,DEF,659,p158534,Kyle Walker-Peters,44,34997,5053,13361,-8308,,,
2025-09-12T10:17:56.948574,2526,4,WHU,FWD,671,p75115,Callum Wilson,59,46663,11386,25497,-14111,,,
2025-09-12T10:17:56.948574,2526,4,WHU,GK,679,p467189,Mads Hermansen,45,34997,5961,11145,-5184,,,
2025-09-12T10:17:56.948574,2526,4,WHU,MID,708,p551226,Mateus Gonçalo Espanha Fernandes,55,0,1661,348,1313,,,
2025-09-12T10:17:56.948574,2526,4,WHU,MID,718,p564940,Soungoutou Magassa,50,0,66,13,53,,,
2025-09-12T10:17:56.948574,2526,4,WHU,GK,738,p37096,Lukasz Fabianski,45,0,111,8,103,,,
2025-09-12T10:17:56.948574,2526,4,WOL,GK,627,p101982,Sam Johnstone,45,11665,1034,3503,-2469,,,
2025-09-12T10:17:56.948574,2526,4,WOL,GK,628,p149065,José Malheiro de Sá,45,198318,18468,42484,-24016,,,
2025-09-12T10:17:56.948574,2526,4,WOL,GK,629,p79602,Daniel Bentley,40,81660,4970,11362,-6392,,,
2025-09-12T10:17:56.948574,2526,4,WOL,DEF,631,p516939,Emmanuel Agbadou,45,46663,11955,11469,486,,,
2025-09-12T10:17:56.948574,2526,4,WOL,DEF,632,p87835,Matt Doherty,45,23331,1893,5894,-4001,,,
2025-09-12T10:17:56.948574,2526,4,WOL,DEF,633,p490721,Hugo Bueno López,45,11665,1066,3331,-2265,Knock - 75% chance of playing,75,
2025-09-12T10:17:56.948574,2526,4,WOL,DEF,634,p501837,Yerson Mosquera Valdelamar,44,11665,543,2110,-1567,,,
2025-09-12T10:17:56.948574,2526,4,WOL,DEF,635,p483081,Rodrigo Martins Gomes,45,11665,1609,2644,-1035,,,
2025-09-12T10:17:56.948574,2526,4,WOL,DEF,636,p231480,Santiago Ignacio Bueno,45,0,279,1476,-1197,,,
2025-09-12T10:17:56.948574,2526,4,WOL,DEF,637,p510362,Toti Gomes,44,11665,1676,5865,-4189,,,
2025-09-12T10:17:56.948574,2526,4,WOL,DEF,638,p441271,Ki-Jana Hoever,40,186653,21070,81542,-60472,Knock - 75% chance of playing,75,
2025-09-12T10:17:56.948574,2526,4,WOL,DEF,639,p560248,Bastien Meupiyou Menadjou,40,0,0,484,-484,On loan to FC Alverca,0,
2025-09-12T10:17:56.948574,2526,4,WOL,DEF,640,p641221,Pedro Cardoso de Lima,40,93326,7922,33907,-25985,has joined Porto on loan for the rest of the season.,0,
2025-09-12T10:17:56.948574,2526,4,WOL,DEF,641,p517179,Alfie Pond,40,139989,10263,35311,-25048,,,
2025-09-12T10:17:56.948574,2526,4,WOL,MID,642,p184754,Hwang Hee-chan,59,11665,4858,8191,-3333,,,
2025-09-12T10:17:56.948574,2526,4,WOL,MID,643,p509291,André Trindade da Costa Neto,55,11665,2920,4324,-1404,,,
2025-09-12T10:17:56.948574,2526,4,WOL,MID,644,p231057,Jean-Ricner Bellegarde,54,11665,1605,4257,-2652,,,
2025-09-12T10:17:56.948574,2526,4,WOL,MID,645,p643135,Fer López González,54,0,342,1881,-1539,,,
2025-09-12T10:17:56.948574,2526,4,WOL,MID,646,p448089,João Victor Gomes da Silva,54,11665,1553,4265,-2712,,,
2025-09-12T10:17:56.948574,2526,4,WOL,MID,647,p181284,Gonçalo Manuel Ganchinho Guedes,55,0,0,650,-650,Has joined Real Sociedad permanently.,0,
2025-09-12T10:17:56.948574,2526,4,WOL,MID,648,p433312,Marshall Munetsi,55,11665,3281,3452,-171,,,
2025-09-12T10:17:56.948574,2526,4,WOL,MID,649,p476502,Boubacar Traoré,50,0,0,134,-134,Has joined FC Metz on loan for the rest of the season.,0,
2025-09-12T10:17:56.948574,2526,4,WOL,MID,650,p497606,Tawanda Chirewa,44,34997,6070,12043,-5973,,,
2025-09-12T10:17:56.948574,2526,4,WOL,MID,651,p596054,Tom Edozie,44,46663,10332,14505,-4173,,,
2025-09-12T10:17:56.948574,2526,4,WOL,MID,652,p593001,Enso González Medina,44,163321,28326,54610,-26284,,,
2025-09-12T10:17:56.948574,2526,4,WOL,MID,653,p240299,Joe Hodge,45,0,0,3350,-3350,Signed by CD Tondela,0,
2025-09-12T10:17:56.948574,2526,4,WOL,FWD,654,p247412,Jørgen Strand Larsen,64,326642,83412,269715,-186303,Achilles injury - 75% chance of playing,75,
2025-09-12T10:17:56.948574,2526,4,WOL,FWD,655,p449988,Fábio Soares Silva,49,46663,7178,32305,-25127,has joined Borussia Dortmund permanently.,0,
2025-09-12T10:17:56.948574,2526,4,WOL,FWD,656,p429414,Saša Kalajdžić,49,11665,1691,5337,-3646,has joined LASK on loan for the rest of the season.,0,
2025-09-12T10:17:56.948574,2526,4,WOL,FWD,657,p589507,Leon Chiwome,45,0,1671,2898,-1227,Knee injury - Unknown return date,0,
2025-09-12T10:17:56.948574,2526,4,WOL,FWD,658,p531363,Nathan Fraser,44,233316,50200,108253,-58053,,,
2025-09-12T10:17:56.948574,2526,4,WOL,MID,663,p230376,Jhon Arias,54,46663,3840,33457,-29617,,,
2025-09-12T10:17:56.948574,2526,4,WOL,DEF,682,p497949,David Møller Wolfe,45,11665,1606,2249,-643,,,
2025-09-12T10:17:56.948574,2526,4,WOL,DEF,695,p523705,Jackson Tchatchoua,45,0,1091,464,627,,,
2025-09-12T10:17:56.948574,2526,4,WOL,DEF,709,p431248,Ladislav Krejcí,45,0,531,67,464,,,
2025-09-12T10:17:56.948574,2526,4,WOL,FWD,720,p488213,Tolu Arokodare,55,0,1326,173,1153,,,
